time,running_avg_rt_ms
0.8597,23.1349
1.0814,46.2667
1.2747,42.2399
1.2873,35.9840
1.3035,33.2017
1.3162,31.7869
1.4025,27.6244
1.6225,26.1431
1.6256,24.3426
1.7197,27.9626
1.7217,27.8306
1.7594,27.3977
1.7748,25.6672
1.8148,26.8658
1.8239,26.8106
2.1602,25.3512
2.2475,25.8791
2.2498,25.4342
2.2553,24.7555
2.2698,24.8595
2.4089,28.1296
2.4593,33.0818
2.5146,35.9298
2.5966,35.0478
2.6116,34.2806
2.7184,34.4027
2.7223,33.9578
2.8303,37.1935
2.8481,40.5063
2.8760,42.6058
2.9117,44.7985
2.9271,47.2877
2.9548,49.6700
2.9803,51.5590
2.9873,53.4697
3.0392,55.5802
3.0573,57.2130
3.0805,58.5601
3.0949,59.5779
3.1589,59.4977
3.1674,59.1586
3.2911,60.6025
3.2974,60.7099
3.3762,62.4191
3.4136,64.7734
3.4211,66.5216
3.4370,68.4469
3.4750,70.8781
3.5108,72.7335
3.5217,74.5897
3.5236,75.7192
3.5287,76.3874
3.5977,78.1866
3.6216,79.8424
3.6305,80.7131
3.6361,81.5251
3.6666,82.6415
3.6701,83.2344
3.6734,83.5856
3.7080,83.2817
3.7322,82.8747
3.7781,82.3591
3.7935,81.5597
3.8140,80.8490
3.8515,80.5413
3.8640,79.3602
3.8779,78.3841
3.9149,77.7806
3.9736,77.0737
4.0667,76.5390
4.1015,75.5314
4.1886,75.0636
4.2422,74.3681
4.2634,73.9757
4.3246,73.3766
4.3804,72.8000
4.3941,72.1764
4.3944,71.5330
4.3998,70.7108
4.4385,70.1234
4.4705,69.5768
4.5579,69.7541
4.5745,69.9078
4.6023,70.1480
4.6667,70.3722
4.6763,70.1707
4.7319,69.9902
4.7642,70.0953
4.7779,70.3346
4.9077,69.7154
4.9411,69.2283
4.9631,68.5832
5.1963,69.8996
5.2456,71.7109
5.2575,73.4374
5.2804,75.1657
5.2848,76.7601
5.2999,78.2258
5.3294,79.5444
5.3539,80.7292
5.3742,81.8743
5.4299,83.2109
5.4432,84.4906
5.4608,85.8082
5.4914,86.6864
5.5205,87.5363
5.5490,88.2930
5.6254,89.5648
5.6494,90.6077
5.6827,90.7551
5.7395,91.2514
5.7509,91.5923
5.7652,91.7180
5.7909,91.7414
5.9114,92.6208
5.9787,94.0213
6.0022,95.4205
6.1427,97.6561
6.1972,100.2695
6.2881,103.5841
6.3218,106.9491
6.3811,110.4985
6.4461,114.1943
6.4637,117.5444
6.4837,120.8208
6.5394,124.4410
6.5917,128.3550
6.6541,132.6739
6.6757,136.8885
6.7131,141.0890
6.7272,145.0421
6.7457,149.0655
6.7646,152.1031
6.8042,155.2954
6.8371,158.1864
6.8637,161.2119
6.8801,164.1915
6.9783,166.6752
6.9859,169.0406
7.0006,170.7218
7.1082,172.5591
7.1429,174.0189
7.1628,174.1280
7.1977,173.3014
7.2310,172.1219
7.2641,171.0173
7.2768,170.0056
7.2895,168.9851
7.2979,167.8818
7.4668,167.6254
7.5430,167.5208
7.6043,167.2311
7.6073,166.5596
7.6579,165.8665
7.6816,165.0442
7.7113,164.0579
7.8221,163.2795
7.9659,162.8898
8.1153,163.1687
8.1824,163.8583
8.2120,164.0910
8.2535,164.1130
8.2589,163.6706
8.3140,162.6828
8.3897,161.7181
8.4366,160.7662
8.5532,159.9305
8.5598,159.0944
8.6776,158.2714
8.7071,157.4295
8.7995,156.5616
8.8734,155.6932
8.9858,155.1387
8.9909,154.5710
9.0674,154.0609
9.0887,153.4308
9.1009,152.7569
9.1503,152.2642
9.1798,151.7194
9.2136,151.1856
9.2212,150.5501
9.2569,149.9955
9.3008,149.6133
9.3083,149.0555
9.3554,148.6474
9.3578,148.2489
9.3651,147.6126
9.4420,146.9877
9.5350,146.8322
9.5843,146.9209
9.6061,147.0347
9.6266,146.9563
9.6332,146.8235
9.6538,146.5645
9.7202,146.4536
9.7231,146.3513
9.7238,146.2344
9.7382,146.1681
9.7645,145.9907
9.8499,145.3760
9.8809,144.8048
9.9021,144.1046
9.9559,143.5377
10.0536,142.9306
10.1663,142.3124
10.1944,141.6878
10.3615,141.1648
10.4175,140.6290
10.4734,140.3639
10.4918,140.0839
10.5175,139.8991
10.5219,139.2884
10.5508,138.7252
10.5602,138.1704
10.5736,137.6474
10.6905,137.4874
10.8137,137.5274
10.8160,137.5474
10.8215,137.4497
10.9093,137.6929
10.9991,138.2286
11.0039,138.3049
11.0861,138.4632
11.1597,138.8307
11.1753,139.2098
11.1912,139.6164
11.2264,140.0674
11.2457,140.5272
11.2781,140.5971
11.3000,140.6319
11.3250,140.5452
11.3452,139.9629
11.4295,139.4616
11.4825,139.1294
11.5430,138.6054
11.6458,138.2343
11.6613,137.8378
11.6754,137.3798
11.7348,137.1443
11.7982,136.9501
11.8242,136.8472
11.8384,136.7355
11.8463,136.6410
11.8562,136.5814
11.9899,136.0852
12.0631,135.6722
12.0735,135.1698
12.1131,134.6878
12.1627,134.2558
12.2503,133.7462
12.2894,133.2892
12.4416,133.2102
12.4878,133.2283
12.5240,133.3618
12.5348,133.4873
12.5971,133.7621
12.6198,134.0824
12.6235,134.3210
12.6413,134.5495
12.6695,134.8380
12.6799,135.0835
12.6958,135.3471
12.7361,135.6227
12.7516,135.5968
12.7531,135.1450
12.8207,134.7247
12.9109,134.2424
13.0061,133.8848
13.0156,133.4172
13.0790,133.1073
13.0957,132.8467
13.1168,132.6575
13.1326,132.3984
13.1683,132.2149
13.2010,132.1148
13.2282,132.0319
13.2374,131.8917
13.2542,131.6267
13.2579,131.3220
13.2765,130.9616
13.2895,130.5046
13.4162,130.4503
13.4312,130.1923
13.4565,129.9770
13.4651,129.7908
13.4844,129.3560
13.5435,128.9914
13.5465,128.6254
13.5754,128.3450
13.6201,128.0858
13.6335,127.7143
13.6972,127.4290
13.7412,127.0850
13.8475,127.0112
13.8647,126.7249
13.9114,126.5484
13.9412,126.4550
13.9500,126.3182
13.9841,126.0766
14.0529,125.8576
14.1277,125.6337
14.1318,125.2996
14.1647,125.0344
14.1738,124.7808
14.2294,124.4954
14.2403,124.0935
14.3441,123.8538
14.3987,123.7407
14.4158,123.6147
14.4199,123.3590
14.5692,123.4422
14.6676,123.6104
14.6944,123.8279
14.7024,123.9193
14.7344,124.0561
14.7372,123.9552
14.7576,123.7761
14.8119,123.6467
14.8137,123.4911
14.8319,123.2087
14.8798,122.8592
14.8876,122.5238
15.0662,122.5188
15.0729,122.4938
15.0923,122.4492
15.2388,122.2277
15.3774,121.9079
15.3857,121.5895
15.5086,121.5894
15.5221,121.3489
15.5493,121.1496
15.5960,121.0691
15.6221,120.9785
15.6359,120.9091
15.6557,120.8087
15.6666,120.5837
15.6812,120.4030
15.6948,120.2365
15.7007,120.0712
15.7343,119.9240
15.7878,119.8873
15.7919,119.8409
15.8046,119.8179
15.8625,119.8065
15.8775,119.7277
15.9690,119.6007
16.0077,119.3407
16.0979,119.0083
16.1642,118.7700
16.2353,118.4706
16.3084,118.3412
16.3144,118.2241
16.4048,117.9321
16.4390,117.6037
16.6389,117.4319
16.7651,117.6125
16.7924,117.7308
16.8008,117.7489
16.8037,117.7666
16.8083,117.7670
16.8192,117.7004
16.8243,117.6216
16.8751,117.3205
16.9127,117.1111
16.9216,116.8321
16.9615,116.5439
17.0414,116.2557
17.0568,115.9662
17.0977,115.7084
17.2057,115.5573
17.2459,115.3008
17.2828,115.0271
17.3373,114.8667
17.3765,114.8048
17.3973,114.7307
17.4367,114.5725
17.4480,114.3172
17.5306,114.2066
17.5753,114.1837
17.6091,114.1858
17.6170,114.1064
17.6256,114.0498
17.6609,114.0788
17.6861,114.1589
17.8340,114.5589
17.8369,114.9057
17.8403,115.0749
17.8556,115.2522
17.8840,115.4892
17.8876,115.7312
17.9150,115.8956
17.9398,115.8227
17.9659,115.7242
18.0222,115.6738
18.0373,115.6479
18.0406,115.5935
18.0461,115.5154
18.1034,115.5492
18.1580,115.7182
18.1688,115.8961
18.2194,115.9817
18.2407,115.8601
18.4522,115.8052
18.4967,115.8338
18.5097,115.8889
18.5339,115.8826
18.5527,115.9089
18.6277,116.0519
18.6317,116.0440
18.6981,116.0667
18.7471,115.9149
18.8342,115.7247
18.8779,115.5319
18.9050,115.4042
18.9086,115.1698
18.9446,115.0216
18.9859,114.7596
19.1348,114.5452
19.2196,114.3756
19.2737,114.2645
19.3062,114.2278
19.3272,114.2377
19.3325,114.1611
19.3737,114.1769
19.3838,114.1972
19.4735,114.2628
19.4942,114.2773
19.5824,114.1621
19.5888,114.0142
19.6821,114.0442
19.6858,113.8116
19.7075,113.5926
19.7807,113.4123
19.8944,113.2633
19.9330,113.1598
19.9647,113.0672
19.9739,112.9129
20.0267,112.7561
20.0427,112.5837
20.0617,112.4131
20.0767,112.1978
20.1769,112.0198
20.3042,111.9199
20.3604,111.9404
20.3716,111.9487
20.3788,111.9205
20.4191,111.9730
20.4584,112.0577
20.5082,112.1085
20.5690,112.2728
20.5814,112.4618
20.6469,112.2311
20.6698,112.0264
20.7637,111.8809
20.7850,111.7661
20.8489,111.7733
21.0135,112.0749
21.0357,112.4178
21.0549,112.7497
21.1342,113.1183
21.1435,113.4823
21.1449,113.8311
21.1858,114.1878
21.2244,114.5164
21.3288,114.7493
21.3393,114.7559
21.4118,114.7437
21.4441,114.7392
21.4514,114.7397
21.6034,115.0511
21.6462,115.2164
21.6636,115.3956
21.7210,115.5948
21.7419,115.6688
21.7664,115.7502
21.7765,115.8249
21.7974,115.8418
21.8118,115.6400
21.8323,115.4434
21.9158,115.2731
21.9277,115.1129
21.9328,114.9431
21.9989,114.7282
22.0355,114.5754
22.0423,114.3958
22.1704,114.1737
22.1868,113.9433
22.1990,113.7238
22.2151,113.5176
22.2347,113.2932
22.3008,113.1799
22.3239,113.0959
22.3419,112.9184
22.5967,112.7647
22.6531,112.6932
22.6564,112.5999
22.6913,112.5114
22.6976,112.4129
22.7107,112.2257
22.7861,112.0837
22.8387,112.0467
22.8588,111.9406
22.8627,111.8021
22.8959,111.6303
23.0565,111.4224
23.1006,111.2401
23.1514,111.0525
23.1866,110.9054
23.1944,110.7554
23.2812,110.7125
23.2990,110.6956
23.3247,110.7133
23.3346,110.7434
23.3665,110.8225
23.3745,110.8299
23.4439,110.9136
23.4461,110.8688
23.4485,110.8199
23.5166,110.7673
23.5714,110.7239
23.5767,110.5279
23.7133,110.3622
23.8303,110.2459
23.8581,110.1354
23.8685,109.9902
23.9306,109.8669
23.9505,109.7682
23.9541,109.6704
23.9971,109.5543
24.0084,109.4125
24.0809,109.3832
24.0952,109.3449
24.1149,109.2883
24.1589,109.2899
24.2210,109.3372
24.2349,109.3674
24.2747,109.3836
24.2814,109.3903
24.3257,109.2948
24.4249,109.2635
24.5117,109.2771
24.6362,109.4802
24.6826,109.7515
24.7303,110.0945
24.7908,110.5453
24.8086,110.8993
24.8508,111.2200
24.8967,111.5967
24.9124,111.8269
24.9366,112.0993
24.9540,112.3160
24.9554,112.5332
24.9616,112.7340
24.9708,112.7555
25.0098,112.8340
25.0256,112.8900
25.0819,112.9982
25.0930,112.9868
25.1122,112.9832
25.1285,112.9486
25.1926,112.9284
25.2167,112.8283
25.2730,112.7457
25.2763,112.6238
25.3039,112.4401
25.3939,112.3402
25.4411,112.1569
25.5273,111.9697
25.5955,111.8766
25.6464,111.7722
25.7472,111.8249
25.7480,111.6775
25.7758,111.5134
25.8534,111.3944
25.8812,111.2493
26.0146,111.0923
26.0771,111.0152
26.2768,110.9656
26.3121,110.9140
26.3145,110.8394
26.3333,110.6560
26.4224,110.5977
26.4913,110.5877
26.5492,110.6277
26.5791,110.6896
26.5823,110.7427
26.6635,110.9169
26.6737,111.0974
26.7039,111.2753
26.7539,111.4527
26.7584,111.6273
26.7667,111.8090
26.8142,112.0338
26.8400,112.2348
26.8588,112.4357
26.8817,112.6324
26.8845,112.7908
26.9007,112.9414
26.9122,113.1092
26.9234,113.2769
26.9809,113.4809
26.9972,113.6742
27.0088,113.8778
27.0109,113.9096
27.0747,113.9026
27.1925,114.0879
27.2543,114.3444
27.3271,114.6895
27.3967,115.0781
27.4387,115.5226
27.4490,115.8641
27.4720,116.1997
27.4759,116.4429
27.4843,116.6516
27.4966,116.8206
27.5868,117.1265
27.6698,117.5022
27.7095,117.8898
27.7982,118.3426
27.8075,118.4745
27.8450,118.6324
27.8520,118.7884
27.9354,118.8490
27.9510,118.8722
27.9642,118.8573
27.9937,118.8629
28.0122,118.7412
28.0243,118.6080
28.1261,118.4364
28.2022,118.3756
28.2099,118.3034
28.2576,118.3052
28.3253,118.3715
28.3696,118.4462
28.4321,118.5077
28.4382,118.5784
28.4445,118.6094
28.4812,118.6136
28.4904,118.4556
28.5583,118.2900
28.7082,118.2026
28.7597,118.1851
28.7855,118.2043
28.8108,118.0619
28.8533,117.9538
28.8738,117.8001
28.9548,117.6636
28.9659,117.5301
29.0537,117.4909
29.0677,117.4506
29.1549,117.3333
29.2813,117.2726
29.3243,117.2604
29.3507,117.2749
29.3584,117.3005
29.3644,117.1844
29.3770,117.0495
29.4158,116.9222
29.4248,116.7948
29.4747,116.7370
29.5441,116.7099
29.5574,116.5882
29.5678,116.4597
29.5834,116.3385
29.5914,116.2138
29.6627,116.1175
29.6757,115.9861
29.7218,115.8302
29.8323,115.7790
29.8350,115.6573
29.8757,115.5792
29.9365,115.4718
29.9435,115.3510
29.9594,115.1843
30.0166,115.0354
30.0945,114.8991
30.1496,114.7527
30.2841,114.6078
30.3418,114.5399
30.4582,114.5967
30.4634,114.5435
30.5281,114.5102
30.6705,114.5908
30.6893,114.6879
30.7344,114.8187
30.7677,114.9055
30.8196,115.0525
30.8388,115.2051
30.8733,115.3681
30.9056,115.5502
30.9091,115.7100
30.9334,115.8661
30.9687,116.0491
30.9710,116.2029
30.9777,116.3251
31.0674,116.5748
31.0695,116.7858
31.0870,117.0120
31.0956,117.2014
31.1065,117.3378
31.1321,117.4772
31.1640,117.6302
31.1800,117.7723
31.3310,118.0623
31.3789,118.3918
31.4112,118.6174
31.4240,118.8304
31.4583,119.0084
31.4767,119.0956
31.5338,119.1904
31.6042,119.3392
31.6162,119.4652
31.6291,119.6074
31.6435,119.7647
31.6530,119.9139
31.6652,119.9585
31.7220,120.0785
31.7339,120.1881
31.7457,120.2825
31.7788,120.3971
31.8624,120.5802
31.8884,120.7316
31.8999,120.8742
31.9311,121.0222
31.9662,121.1947
32.0194,121.4173
32.0412,121.6272
32.0717,121.8365
32.0878,122.0168
32.0996,122.1739
32.1098,122.3350
32.1167,122.4857
32.1187,122.6284
32.1547,122.6818
32.1803,122.7304
32.1994,122.7816
32.2114,122.7823
32.2289,122.7759
32.2366,122.7185
32.2445,122.6259
32.4369,122.5367
32.4482,122.3945
32.4958,122.2691
32.5903,122.2700
32.6005,122.2602
32.6305,122.2762
32.6575,122.1450
32.7291,122.0140
32.7873,121.8568
32.9211,121.6977
32.9810,121.5715
32.9993,121.4166
33.0381,121.2614
33.1191,121.1483
33.1987,121.0435
33.2940,120.8846
33.4665,120.7459
33.4985,120.6283
33.5299,120.5232
33.5459,120.4129
33.5702,120.2688
33.5794,120.1185
33.6241,120.0110
33.6408,119.9158
33.6672,119.7646
33.8125,119.7056
33.8922,119.5573
33.9840,119.4161
34.0059,119.3006
34.0409,119.1605
34.1024,119.0701
34.1329,119.0038
34.1359,118.8936
34.1788,118.8359
34.1918,118.7158
34.2077,118.6126
34.2615,118.4755
34.3518,118.4200
34.3915,118.4124
34.4224,118.4029
34.4295,118.2869
34.4476,118.1877
34.4885,118.0726
34.5330,117.9412
34.5693,117.8437
34.5857,117.6995
34.6151,117.5888
34.6279,117.4506
34.6443,117.3034
34.8625,117.2730
34.9120,117.2970
35.0476,117.4850
35.0510,117.6594
35.1127,117.8163
35.1243,117.9779
35.1512,118.1154
35.1725,118.2663
35.2968,118.5399
35.3817,118.8929
35.4053,119.2698
35.4859,119.7122
35.4999,120.1444
35.5107,120.5331
35.6292,121.0157
35.6531,121.5218
35.6740,121.9619
35.6975,122.4012
35.7172,122.8421
35.7914,123.3690
35.8272,123.9305
35.8410,124.5023
35.8604,125.0033
35.8788,125.5004
35.8818,125.7826
35.9230,126.1047
35.9701,126.4331
35.9751,126.6776
36.0437,126.9924
36.0699,127.2757
36.1384,127.6175
36.1657,127.9705
36.1794,128.3323
36.1858,128.6595
36.1989,128.9774
36.2192,129.2973
36.2382,129.5613
36.2473,129.8286
36.3059,130.1584
36.3078,130.4737
36.3253,130.7253
36.3331,130.9194
36.3705,131.1199
36.3777,131.2658
36.4094,131.4231
36.4302,131.5952
36.4627,131.7953
36.4904,131.9338
36.5119,132.0825
36.5368,132.1580
36.5618,132.2616
36.6215,132.4319
36.6689,132.6007
36.6714,132.6562
36.6770,132.6719
36.7319,132.7328
36.7733,132.7753
36.8007,132.7204
36.8214,132.5892
36.8378,132.4726
36.8637,132.3596
36.8821,132.2364
36.9827,132.1844
37.0258,132.0493
37.0797,131.9032
37.1283,131.7804
37.1780,131.6450
37.2900,131.5480
37.3041,131.4422
37.3682,131.3031
37.4235,131.1818
37.4723,131.0955
37.5121,131.0448
37.5170,130.9077
37.5184,130.7620
37.5413,130.6249
37.6447,130.5275
37.6506,130.4249
37.6696,130.3190
37.6720,130.1852
37.6869,130.0487
37.7189,129.9254
37.7655,129.8024
37.8151,129.7265
37.8416,129.6476
37.8567,129.5308
38.0992,129.5646
38.1219,129.6061
38.1459,129.6370
38.1832,129.7099
38.1902,129.7220
38.1969,129.7012
38.2152,129.6942
38.2591,129.6859
38.3179,129.6427
38.3645,129.5131
38.4004,129.3885
38.5317,129.3498
38.5903,129.3042
38.6055,129.2536
38.6114,129.1761
38.6230,129.0757
38.6408,128.9411
38.6540,128.8085
38.7147,128.7365
38.7442,128.6943
38.7495,128.6133
38.8322,128.5412
38.8329,128.4693
39.0266,128.4204
39.1266,128.2921
39.1967,128.1790
39.2862,128.1571
39.3484,128.1214
39.3515,128.0027
39.4054,127.8944
39.4443,127.8099
39.5011,127.6900
39.5256,127.5611
39.5338,127.4225
39.5538,127.3040
39.5951,127.1963
39.6099,127.1008
39.6885,127.0715
39.7093,127.0409
39.8037,127.1122
39.8428,127.2111
39.8851,127.2742
39.9523,127.3794
39.9912,127.5141
40.0239,127.5773
40.1155,127.7324
40.1177,127.8875
40.1580,128.0770
40.1715,128.2341
40.2310,128.3429
40.2358,128.4356
40.2744,128.5642
40.3175,128.6664
40.3238,128.7591
40.3518,128.7980
40.3559,128.8316
40.3814,128.8897
40.4200,128.9813
40.4287,129.0318
40.4700,129.0888
40.5101,129.1069
40.5293,129.1278
40.5489,129.0316
40.5606,128.9335
40.6956,128.8160
40.7496,128.7384
40.7652,128.6455
40.7895,128.5447
40.8172,128.4288
40.8443,128.3202
40.8518,128.2126
40.8832,128.1367
40.9255,128.0147
41.0008,127.9129
41.0057,127.7861
41.0502,127.6707
41.1028,127.5687
41.1236,127.4544
41.1577,127.3540
41.1825,127.2441
41.2163,127.1604
41.2201,127.0808
41.2759,126.9951
41.2825,126.9096
41.3072,126.8056
41.3672,126.7122
41.4952,126.5832
41.5112,126.4593
41.6403,126.4650
41.6689,126.4407
41.7569,126.4328
41.7985,126.3750
41.8282,126.2812
41.9553,126.2464
41.9790,126.2329
41.9883,126.1621
42.0132,126.1031
42.0674,126.0045
42.0812,125.8990
42.0858,125.7839
42.1267,125.6568
42.1671,125.5380
42.2860,125.4978
42.2941,125.4600
42.3074,125.3806
42.3290,125.2894
42.3776,125.1863
42.4022,125.0819
42.4674,125.0141
42.4763,124.9250
42.4807,124.8150
42.4817,124.6971
42.5040,124.5792
42.5153,124.4730
42.5768,124.4273
42.6728,124.4295
42.6857,124.4130
42.6924,124.3554
42.7287,124.2622
42.7436,124.1430
42.7877,124.0418
42.8335,123.9215
42.9273,123.8711
42.9304,123.7777
42.9511,123.6745
43.0467,123.5956
43.0746,123.5363
43.0790,123.4805
43.1330,123.3647
43.1715,123.2612
43.2823,123.2376
43.3189,123.2159
43.3275,123.1994
43.4186,123.2353
43.4387,123.2773
43.4448,123.3142
43.4511,123.3007
43.4812,123.3084
43.5169,123.2126
43.5681,123.1014
43.6095,122.9831
43.6974,122.9493
43.7283,122.9190
43.7468,122.8592
43.7502,122.7852
43.7762,122.6963
43.7880,122.6069
43.7936,122.5032
43.8872,122.4401
43.8889,122.3287
43.9238,122.2509
43.9434,122.1924
43.9826,122.0981
44.0262,122.0337
44.0652,121.9950
44.0741,121.8967
44.0900,121.7832
44.1127,121.6665
44.1733,121.5925
44.2083,121.5124
44.3108,121.4946
44.3517,121.4123
44.3894,121.3470
44.4526,121.2465
44.5061,121.1516
44.5405,121.0552
44.5647,120.9807
44.5982,120.8904
44.6892,120.8474
44.7148,120.7889
44.7632,120.7521
44.7760,120.6761
44.8045,120.5819
44.9672,120.4762
45.0104,120.4054
45.0374,120.3077
45.0729,120.2015
45.1653,120.0988
45.2793,120.0246
45.2855,119.9498
45.3440,119.9083
45.4122,119.8926
45.4240,119.8608
45.4853,119.8499
45.5051,119.8432
45.5213,119.8313
45.5573,119.8304
45.6007,119.8284
45.6103,119.8136
45.6363,119.7160
45.6562,119.6072
45.6659,119.5038
45.7265,119.4391
45.8969,119.3647
45.9150,119.2569
45.9763,119.1903
46.0277,119.1662
46.0302,119.1403
46.1274,119.1807
46.1414,119.2242
46.1567,119.2716
46.1832,119.2228
46.1876,119.1643
46.2612,119.1729
46.4083,119.2852
46.4702,119.4103
46.5439,119.5925
46.5783,119.7937
46.5978,120.0100
46.6236,120.2318
46.6465,120.4066
46.6627,120.5758
46.6697,120.7203
46.7198,120.8669
46.7619,121.0355
46.7644,121.1478
46.7675,121.2554
46.7742,121.3681
46.8078,121.4941
46.8125,121.5660
46.8271,121.5785
46.8317,121.5796
46.8715,121.5990
46.9276,121.6386
46.9355,121.6615
47.0109,121.7509
47.0428,121.8540
47.0499,121.9568
47.0537,122.0422
47.0976,122.1025
47.1290,122.1412
47.1474,122.1947
47.2091,122.2695
47.2603,122.3760
47.3608,122.5685
47.3844,122.7731
47.4012,122.9888
47.4525,123.2008
47.4625,123.3382
47.4774,123.4746
47.4933,123.6072
47.5597,123.7755
47.5691,123.8970
47.8039,124.2138
47.8479,124.4758
47.8874,124.7717
47.9227,125.0168
47.9292,125.2035
47.9529,125.3789
47.9611,125.5411
47.9671,125.6354
47.9763,125.6869
47.9813,125.7054
48.0905,125.8112
48.1266,125.9331
48.1538,126.0689
48.2203,126.2421
48.2249,126.4060
48.2467,126.5627
48.2868,126.7511
48.3721,126.9948
48.3854,127.1782
48.5079,127.4656
48.5441,127.7712
48.5652,128.0712
48.5746,128.3742
48.6287,128.6771
48.6632,129.0060
48.6864,129.2241
48.7012,129.4007
48.7239,129.5645
48.8006,129.7925
48.8472,130.0140
48.9202,130.2226
48.9237,130.4208
48.9481,130.6342
48.9951,130.8386
49.1099,131.1341
49.1140,131.4246
49.1563,131.7387
49.1804,132.0112
49.2219,132.2928
49.2941,132.6093
49.3001,132.8259
49.3355,132.9990
49.3374,133.1627
49.3495,133.1595
49.3674,133.1196
49.3821,133.0858
49.4216,133.0830
49.4224,133.0786
49.4289,133.0329
49.4897,133.0039
49.4984,132.9549
49.5482,132.9387
49.5677,132.8889
49.5755,132.8303
49.5790,132.7354
49.6037,132.6552
49.6164,132.5668
49.6478,132.4854
49.7100,132.4444
49.7140,132.3416
49.7653,132.2521
49.8367,132.1429
49.8893,132.0770
49.9177,132.0075
49.9684,131.9722
49.9747,131.9280
49.9905,131.8522
50.0429,131.7546
50.1320,131.6950
50.1779,131.6578
50.1819,131.6098
50.1970,131.5428
50.2620,131.5264
50.3980,131.4258
50.4471,131.3165
50.5312,131.2112
50.5598,131.1213
50.6059,131.0175
50.8578,130.9604
50.9059,130.9158
50.9793,130.8884
51.0160,130.8514
51.0218,130.8117
51.0856,130.8177
51.1462,130.8528
51.1948,130.8128
51.2271,130.7964
51.2286,130.7766
51.2439,130.7568
51.2643,130.7011
51.2818,130.6348
51.3470,130.5472
51.4166,130.4932
51.4717,130.4277
51.4805,130.3650
51.4974,130.3036
51.5310,130.2400
51.5477,130.1884
51.5793,130.1453
51.5811,130.1012
51.6551,130.1175
51.7279,130.1895
51.7709,130.2955
51.7722,130.3392
51.7759,130.3562
51.7948,130.3383
51.8142,130.2992
51.8331,130.2682
51.8504,130.2427
51.9630,130.2681
52.0285,130.3294
52.0309,130.3864
52.1949,130.4732
52.2082,130.5315
52.3164,130.6471
52.3251,130.7555
52.3657,130.8776
52.4172,131.0372
52.4302,131.1758
52.4703,131.3375
52.5181,131.5202
52.5268,131.6581
52.6054,131.8370
52.6352,132.0330
52.6363,132.1875
52.6391,132.3379
52.6420,132.4719
52.6800,132.6312
52.7317,132.6671
52.7770,132.6465
52.8287,132.6666
52.8393,132.6912
52.8722,132.7186
52.8777,132.7452
52.9244,132.7914
53.0159,132.8908
53.0215,132.9411
53.1288,133.0693
53.1429,133.1940
53.2152,133.3568
53.2597,133.5309
53.2617,133.6639
53.2890,133.7985
53.3019,133.9395
53.3460,133.9986
53.3508,134.0579
53.3558,134.0988
53.4385,134.1127
53.4643,134.1362
53.4971,134.1516
53.5002,134.1616
53.6136,134.1545
53.6224,134.1447
53.6681,134.1449
53.6767,134.1101
53.6801,134.0558
53.7105,133.9789
53.7130,133.9015
53.7549,133.8348
53.7639,133.7703
53.7813,133.6748
53.8545,133.6000
53.9031,133.5578
53.9733,133.5425
53.9869,133.5369
54.0127,133.5145
54.0358,133.4374
54.1154,133.3481
54.2204,133.2931
54.3078,133.2040
54.4647,133.1207
54.5360,133.0847
54.5463,133.0563
54.5695,133.0284
54.6241,132.9420
54.7881,132.9430
54.9617,133.0342
54.9935,133.1365
55.0686,133.2911
55.1334,133.4937
55.1895,133.7245
55.2031,133.9597
55.2419,134.2026
55.2487,134.4260
55.2496,134.6396
55.2520,134.8064
55.3190,134.9520
55.3825,135.1299
55.3888,135.2920
55.4516,135.4748
55.4694,135.6523
55.4780,135.8104
55.4906,135.9739
55.5169,136.1532
55.5301,136.3371
55.5802,136.4940
55.6017,136.6497
55.6096,136.7927
55.6656,136.9675
55.7308,137.1824
55.7553,137.3542
55.7806,137.5397
55.8192,137.7487
55.8221,137.9181
55.8657,138.1051
55.9611,138.3638
55.9948,138.6173
56.0340,138.8872
56.0820,139.0643
56.1615,139.3000
56.1995,139.4544
56.2073,139.6114
56.2379,139.7772
56.2997,139.9873
56.3794,140.2547
56.3864,140.5224
56.4563,140.8148
56.4590,141.1015
56.4658,141.2663
56.5077,141.4396
56.5188,141.5927
56.5550,141.7620
56.5964,141.7803
56.6381,141.8190
56.7049,141.9005
56.7181,141.9650
56.7336,142.0265
56.7499,142.0606
56.7552,142.0930
56.7951,142.1080
56.8133,142.1271
56.8816,142.1785
56.9061,142.2364
56.9157,142.2642
56.9701,142.3318
56.9716,142.3629
56.9987,142.4110
57.0317,142.4675
57.1125,142.5479
57.1252,142.5895
57.1854,142.6538
57.2058,142.6790
57.2156,142.6983
57.2766,142.7388
57.3075,142.7608
57.3120,142.7598
57.4110,142.8232
57.4950,142.9311
57.5192,143.0363
57.5347,143.1365
57.5942,143.2735
57.6704,143.4010
57.7039,143.5285
57.7625,143.6827
57.8042,143.8594
57.8215,144.0250
57.8367,144.1386
57.9010,144.2788
57.9196,144.4099
57.9229,144.5232
57.9487,144.6507
57.9915,144.7901
58.0532,144.9432
58.1175,145.0387
58.1688,145.1553
58.2105,145.2767
58.2323,145.4048
58.2446,145.5191
58.2532,145.6059
58.2721,145.6762
58.2747,145.7058
58.3502,145.7386
58.3640,145.6868
58.3778,145.6331
58.3893,145.5663
58.4281,145.4978
58.4348,145.4207
58.5208,145.3440
58.5469,145.2836
58.5875,145.2197
58.6063,145.1319
58.6818,145.0498
58.7468,145.0098
58.8338,144.9240
58.8378,144.8284
58.8801,144.7296
58.9375,144.6367
58.9553,144.5524
58.9559,144.4603
59.0099,144.3983
59.0392,144.3164
59.1008,144.2467
59.2155,144.1866
59.2348,144.1240
59.2606,144.0780
59.3178,144.0293
59.3772,143.9530
59.3813,143.8706
59.4029,143.7902
59.4389,143.6980
59.5093,143.6156
59.5161,143.5365
59.5592,143.4468
59.5924,143.3560
59.6191,143.2632
59.6921,143.2072
59.7271,143.1749
59.7561,143.1557
59.8423,143.1863
59.8437,143.2047
59.8766,143.2281
59.8874,143.2429
59.9012,143.2254
59.9093,143.2127
60.0585,143.2927
60.0719,143.3323
60.1002,143.3898
60.1923,143.5003
60.2600,143.6569
60.2690,143.7986
60.2766,143.9359
60.3916,144.0929
60.4153,144.2394
60.4900,144.4127
60.5050,144.5865
60.5077,144.7531
60.5210,144.8627
60.6929,145.0869
60.6993,145.3077
60.7141,145.5383
60.7379,145.7805
60.7607,145.9967
60.8298,146.2576
60.8356,146.4826
60.8405,146.7065
60.8780,146.9054
60.9048,147.0255
60.9252,147.1324
60.9700,147.2557
61.0180,147.4107
61.0496,147.5736
61.1228,147.7447
61.1356,147.9117
61.2379,148.0834
61.2764,148.2087
61.2793,148.3117
61.3019,148.3789
61.3265,148.4491
61.3601,148.5357
61.3808,148.6097
61.3974,148.5493
61.4453,148.4889
61.4842,148.4498
61.5251,148.4312
61.5323,148.3999
61.6661,148.4406
61.7036,148.4873
61.7459,148.5137
61.7915,148.5254
61.8039,148.5173
61.8068,148.4737
61.9185,148.4036
61.9270,148.3316
61.9378,148.2396
62.0430,148.1641
62.0470,148.0869
62.1552,148.0764
62.1691,148.0191
62.1914,147.9737
62.2721,147.8769
62.2876,147.7821
62.3730,147.7250
62.4263,147.7001
62.4910,147.7089
62.6004,147.7844
62.6162,147.8662
62.6258,147.9207
62.6745,147.9517
62.6845,147.9616
62.7034,147.9812
62.7103,148.0037
62.9362,148.1668
62.9862,148.2667
63.0301,148.3784
63.1000,148.5337
63.1325,148.7053
63.1585,148.8630
63.1749,149.0281
63.1932,149.1582
63.2665,149.3258
63.3968,149.5783
63.4192,149.8354
63.4243,150.0872
63.4847,150.3232
63.5065,150.5591
63.5770,150.8354
63.6968,151.1879
63.7240,151.5504
63.7425,151.9082
63.7682,152.0461
63.7715,152.1848
63.9078,152.3738
63.9313,152.5440
63.9811,152.7281
64.0317,152.8650
64.0771,153.0259
64.1163,153.1847
64.1585,153.3525
64.2471,153.5754
64.2987,153.8039
64.4166,154.1057
64.4377,154.4164
64.4437,154.6725
64.4542,154.9333
64.4555,155.1821
64.4945,155.4378
64.5089,155.6794
64.5242,155.9000
64.5757,156.1525
64.5853,156.3902
64.6251,156.5790
64.6396,156.7092
64.6620,156.8409
64.6876,156.8823
64.6935,156.9044
64.8100,156.9342
64.8130,156.9326
64.8639,156.9507
64.8672,156.9622
64.8727,156.9756
64.8965,156.9785
64.9799,156.9951
65.0040,156.9787
65.0092,156.9049
65.0175,156.8086
65.0670,156.7268
65.1414,156.6343
65.1652,156.5559
65.1899,156.4776
65.1910,156.3995
65.2450,156.3147
65.2942,156.2270
65.3547,156.1587
65.3722,156.0999
65.4766,156.1039
65.4870,156.0837
65.6348,156.0147
65.6696,155.9644
65.7179,155.9337
65.7421,155.9094
65.7605,155.8906
65.7723,155.8731
65.7889,155.7984
65.8203,155.7213
65.8365,155.6520
65.8383,155.5771
65.9047,155.4918
65.9345,155.4014
65.9462,155.3076
66.0625,155.2118
66.1982,155.1149
66.2538,155.0417
66.2727,154.9787
66.2947,154.9087
66.5394,154.9262
66.6310,154.9814
66.6473,155.0258
66.7399,155.1115
66.7834,155.2174
66.8666,155.3200
66.9280,155.4543
66.9528,155.6020
66.9875,155.7648
67.0286,155.9431
67.0481,156.0934
67.0805,156.2611
67.1313,156.4427
67.1514,156.6281
67.1561,156.8114
67.2212,157.0293
67.2416,157.2500
67.2512,157.4584
67.2650,157.6709
67.3249,157.8843
67.3534,158.0860
67.3727,158.2787
67.4399,158.5006
67.4491,158.7183
67.4863,158.9551
67.4985,159.1978
67.5136,159.4289
67.5473,159.6366
67.5570,159.8161
67.5678,159.9375
67.5690,160.0594
67.5806,160.1474
67.6475,160.2023
67.6666,160.1964
67.6712,160.1228
67.6795,160.0370
67.8147,159.9448
67.8682,159.8523
67.9173,159.7592
67.9988,159.6684
68.0543,159.6116
68.1563,159.5490
68.1900,159.4910
68.2096,159.4325
68.2596,159.4003
68.2963,159.3782
68.2988,159.3546
68.3125,159.3121
68.3383,159.2725
68.3565,159.2404
68.4316,159.2436
68.4537,159.2509
68.5975,159.3364
68.6126,159.4201
68.6361,159.5104
68.6644,159.6041
68.6862,159.6765
68.6968,159.7501
68.7626,159.8563
68.8047,159.9181
68.8329,159.9848
68.8594,160.0422
68.8879,159.9922
68.9147,159.9116
68.9447,159.8177
68.9972,159.7485
69.1593,159.7296
69.1900,159.7270
69.1920,159.7173
69.2725,159.7482
69.3072,159.7437
69.3284,159.7459
69.3777,159.7368
69.3897,159.6873
69.3947,159.6375
69.4152,159.5989
69.4591,159.5258
69.5270,159.4305
69.5991,159.3578
69.6255,159.2801
69.6612,159.2141
69.7602,159.1779
69.8158,159.1441
69.8247,159.0692
69.8523,159.0044
69.9094,158.9688
69.9205,158.9237
70.0197,158.8612
70.0331,158.8019
70.1210,158.7918
70.1522,158.7619
70.1882,158.7445
70.1886,158.7264
70.2462,158.7094
70.2559,158.6920
70.2699,158.6667
70.2892,158.6242
70.3261,158.5795
70.3291,158.5239
70.3450,158.4602
70.3769,158.3724
70.4656,158.3249
70.5167,158.2882
70.5281,158.2374
70.5382,158.1791
70.6366,158.1234
70.6648,158.0620
70.7646,158.0573
70.8039,158.0749
70.8325,158.0731
70.8351,158.0623
70.8665,158.0559
70.8942,158.0599
70.9128,158.0495
70.9408,158.0515
70.9630,158.0564
70.9649,158.0466
70.9873,158.0478
70.9995,158.0545
71.0755,158.0587
71.0973,158.0645
71.1655,157.9807
71.2020,157.9063
71.2343,157.8291
71.3341,157.7584
71.3681,157.7027
71.4104,157.6351
71.4253,157.5671
71.4272,157.4951
71.4484,157.4085
71.4521,157.3225
71.5055,157.2309
71.6075,157.1528
71.6795,157.0924
71.6909,157.0285
71.7043,156.9667
71.7335,156.9190
71.7997,156.8953
71.8022,156.8692
71.8035,156.8030
71.8795,156.7343
71.8859,156.6527
71.8864,156.5680
71.9564,156.5014
71.9888,156.4503
71.9913,156.3965
72.0208,156.3359
72.0749,156.2824
72.0885,156.1966
72.1435,156.1370
72.2550,156.1118
72.2729,156.0932
72.2941,156.0747
72.3092,156.0611
72.3869,156.0644
72.4169,156.0818
72.4209,156.0940
72.4306,156.1044
72.4601,156.1223
72.4901,156.1410
72.5187,156.1703
72.5289,156.1414
72.5501,156.1230
72.5644,156.0496
72.6617,155.9950
72.7193,155.9552
72.7365,155.9238
72.7727,155.8738
72.7766,155.8027
72.9898,155.7202
73.0014,155.6386
73.0911,155.6064
73.1210,155.5728
73.1275,155.5096
73.2328,155.4890
73.2362,155.4645
73.2837,155.4658
73.3057,155.4736
73.3367,155.4633
73.4394,155.5003
73.4517,155.5156
73.4559,155.5245
73.5254,155.5700
73.5328,155.6090
73.5586,155.6320
73.5635,155.6306
73.6353,155.6476
73.6679,155.6696
73.6785,155.6887
73.6814,155.6969
73.6926,155.6759
73.7156,155.6174
73.7643,155.5352
73.8474,155.4823
73.8490,155.4095
73.8687,155.3429
73.8810,155.2624
73.9451,155.2164
73.9483,155.1718
73.9696,155.1145
73.9915,155.0633
74.0527,154.9861
74.0854,154.9045
74.1306,154.8388
74.3922,154.7658
74.4249,154.6811
74.5526,154.6086
74.7171,154.5971
74.7600,154.5902
74.7718,154.5723
74.7915,154.5627
74.8319,154.5721
74.8734,154.5900
74.9363,154.5843
74.9570,154.5838
74.9721,154.5612
75.0076,154.5574
75.0250,154.5539
75.0398,154.5513
75.0671,154.5350
75.1521,154.5568
75.1602,154.5543
75.2027,154.5233
75.3852,154.5511
75.4261,154.5734
75.5229,154.5733
75.5503,154.5645
75.6048,154.5833
75.6474,154.5979
75.6583,154.6157
75.6611,154.6305
75.6622,154.6245
75.6722,154.6063
75.6893,154.5873
75.8027,154.6029
75.8164,154.6054
75.8621,154.6105
75.8742,154.6214
75.9071,154.6351
75.9125,154.6245
75.9268,154.5990
75.9787,154.5811
75.9912,154.5228
76.0437,154.4762
76.0552,154.4227
76.0843,154.3687
76.1466,154.3242
76.1665,154.2482
76.3008,154.1766
76.3153,154.1125
76.7172,154.1541
76.7514,154.1721
76.7670,154.1968
76.7729,154.2023
76.8559,154.2355
76.8746,154.2661
76.8865,154.2934
76.9208,154.3295
76.9234,154.3630
76.9270,154.3163
76.9462,154.2738
76.9701,154.2266
77.0917,154.1544
77.1838,154.0837
77.2233,154.0299
77.2752,153.9853
77.3135,153.9595
77.3786,153.9505
77.4445,153.9387
77.4467,153.8876
77.4750,153.8472
77.5300,153.8310
77.5661,153.8032
77.5716,153.7770
77.5728,153.7451
77.5893,153.7072
77.5968,153.6654
77.6215,153.6282
77.6372,153.5873
77.6637,153.5244
77.6955,153.4780
77.7029,153.4162
77.7209,153.3616
77.8015,153.3431
77.8355,153.3349
77.9107,153.3202
77.9256,153.2824
77.9278,153.2443
77.9552,153.2177
77.9725,153.1937
78.0568,153.1898
78.0681,153.1747
78.1404,153.1648
78.1700,153.1607
78.1925,153.1182
78.2112,153.0805
78.2210,153.0454
78.2734,153.0178
78.3059,152.9925
78.3072,152.9205
78.4330,152.8691
78.4388,152.7983
78.4716,152.7320
78.6726,152.7460
78.6783,152.7324
78.7045,152.6718
78.7119,152.5942
78.8136,152.5365
78.8887,152.4621
78.9590,152.4044
78.9750,152.3302
79.0188,152.2785
79.1106,152.2540
79.2057,152.2007
79.2276,152.1339
79.2665,152.0803
79.2890,152.0280
79.3037,151.9725
79.4007,151.9078
79.4370,151.8535
79.4839,151.7817
79.5956,151.7239
79.7112,151.6730
79.7243,151.6216
79.7308,151.5711
79.7409,151.5149
79.7503,151.4390
79.8037,151.3621
79.8447,151.2954
79.9168,151.2350
79.9946,151.1747
80.1755,151.1721
80.1864,151.1416
80.2031,151.1178
80.2072,151.0941
80.2327,151.0825
80.2431,151.0518
80.2848,151.0193
80.3355,151.0063
80.3488,150.9833
80.3560,150.9508
80.3866,150.9215
80.3955,150.8939
80.4313,150.8725
80.4394,150.8132
80.4531,150.7501
80.5468,150.6898
80.5696,150.6196
80.6169,150.5503
80.7112,150.4960
80.7272,150.4484
80.8024,150.4293
80.8302,150.4190
80.8780,150.4145
80.9007,150.4090
80.9306,150.3998
80.9576,150.4024
81.0209,150.4357
81.0407,150.4513
81.0665,150.4730
81.1278,150.5099
81.1350,150.5365
81.1448,150.5431
81.1698,150.5510
81.2801,150.6092
81.3005,150.6695
81.3241,150.7416
81.3522,150.8022
81.3700,150.8549
81.3845,150.9130
81.4905,151.0085
81.5152,151.0889
81.5249,151.1650
81.5312,151.2301
81.5590,151.3083
81.5646,151.3737
81.5846,151.4361
81.6088,151.5041
81.7623,151.6425
81.7639,151.7808
81.8587,151.9230
81.8663,152.0678
81.8843,152.2025
81.9009,152.3082
81.9084,152.4042
81.9108,152.4840
81.9292,152.5272
81.9644,152.5663
81.9671,152.5924
81.9846,152.5590
82.0288,152.5307
82.0511,152.5103
82.1205,152.4376
82.1360,152.3618
82.2061,152.2871
82.3305,152.2391
82.3472,152.1860
82.3805,152.1449
82.4067,152.1067
82.5174,152.0818
82.5464,152.0576
82.6729,152.0941
82.6748,152.1213
82.7013,152.0625
82.7271,152.0019
82.8956,151.9264
82.9283,151.8659
82.9820,151.8046
83.0026,151.7444
83.0543,151.6768
83.0747,151.6091
83.1272,151.5541
83.1340,151.5011
83.1748,151.4513
83.1755,151.3904
83.2092,151.3369
83.2248,151.2848
83.2473,151.2414
83.3081,151.2103
83.3140,151.1758
83.3212,151.1215
83.3895,151.0487
83.4732,150.9759
83.6547,150.9325
83.6716,150.8903
83.7122,150.8617
83.7309,150.8409
83.7488,150.8174
83.7637,150.8011
83.7755,150.7875
83.8351,150.7312
83.9049,150.6787
83.9434,150.6301
83.9804,150.5632
84.0212,150.4970
84.0474,150.4321
84.1031,150.3946
84.1368,150.3527
84.1688,150.2847
84.1883,150.2161
84.2166,150.1461
84.4049,150.1411
84.4089,150.0960
84.4788,150.0578
84.5199,150.0380
84.6291,150.0435
84.6351,150.0516
84.6482,150.0063
84.7171,149.9899
84.7221,149.9739
84.7232,149.9436
84.8100,149.9384
84.8306,149.8724
84.8696,149.8081
84.9583,149.7490
84.9925,149.6864
85.0193,149.6236
85.0380,149.5517
85.0925,149.4837
85.1153,149.4233
85.1210,149.3637
85.1499,149.3159
85.2763,149.2737
85.3806,149.2700
85.3905,149.2201
85.4303,149.1727
85.4648,149.1344
85.4701,149.0887
85.4811,149.0342
85.4958,148.9670
85.5038,148.8959
85.5636,148.8508
85.5869,148.8008
85.6277,148.7363
85.7558,148.6748
85.8662,148.6397
85.8778,148.6037
85.9715,148.5963
85.9736,148.5808
86.0170,148.5826
86.0309,148.5848
86.0495,148.5920
86.0542,148.5887
86.1217,148.5882
86.1281,148.5709
86.1575,148.5494
86.1815,148.5298
86.1887,148.4741
86.2977,148.4114
86.4188,148.3800
86.4466,148.3324
86.6116,148.3572
86.6182,148.3849
86.6662,148.4310
86.6691,148.4599
86.6921,148.4446
86.7474,148.4531
86.7705,148.4447
86.8757,148.4798
86.9972,148.5622
87.0367,148.6589
87.0449,148.7552
87.1078,148.8754
87.1492,149.0108
87.1817,149.1557
87.1909,149.2495
87.2366,149.3376
87.2689,149.4315
87.3214,149.4816
87.3300,149.5007
87.3748,149.5318
87.3934,149.5461
87.4111,149.5615
87.4977,149.6002
87.5226,149.6499
87.5335,149.6852
87.5883,149.7444
87.6284,149.7990
87.6298,149.8444
87.6362,149.8904
87.6480,149.9402
87.6696,149.9835
87.7233,150.0150
87.7575,150.0564
87.8179,150.1187
87.8847,150.2080
87.8899,150.2986
87.8960,150.3856
87.9197,150.4292
87.9888,150.5015
88.0320,150.5653
88.0368,150.6095
88.0956,150.6586
88.1090,150.7009
88.1732,150.7461
88.2304,150.8134
88.2847,150.8667
88.3287,150.9238
88.3342,150.9780
88.4040,151.0362
88.4113,151.0646
88.4932,151.0941
88.5049,151.1188
88.5438,151.1481
88.5785,151.1716
88.5948,151.1983
88.6044,151.2290
88.6259,151.2527
88.6289,151.2687
88.6712,151.2883
88.7070,151.3224
88.7135,151.3571
88.7254,151.3759
88.7296,151.3810
88.8433,151.4292
88.8565,151.4533
88.8699,151.4506
88.9297,151.4451
88.9952,151.4162
89.0195,151.3659
89.2280,151.3011
89.2842,151.2587
89.3243,151.1921
89.3825,151.1320
89.4446,151.0854
89.4642,151.0461
89.4740,151.0102
89.5048,150.9849
89.5049,150.9452
89.5220,150.9116
89.5755,150.8919
89.5959,150.8670
89.6611,150.8494
89.7466,150.8707
89.7688,150.8786
89.7691,150.8733
89.7958,150.8775
89.8088,150.8658
89.8676,150.8481
89.8757,150.8340
89.9220,150.8249
89.9468,150.8233
89.9798,150.8198
89.9925,150.7948
90.0300,150.7857
90.0345,150.7231
90.0843,150.6732
90.0926,150.6133
90.1535,150.5600
90.2789,150.5486
90.2951,150.5059
90.3065,150.4605
90.3201,150.4045
90.3870,150.3730
90.4583,150.3531
90.5446,150.2858
90.6386,150.2338
90.6520,150.1770
90.8022,150.1529
90.8232,150.1354
90.8488,150.0972
90.8513,150.0487
90.8569,150.0007
90.8739,149.9560
90.9457,149.9208
90.9890,149.8980
91.0218,149.8442
91.0844,149.7890
91.1008,149.7281
91.1513,149.6793
91.2221,149.6201
91.3067,149.5549
91.3634,149.4937
91.3760,149.4372
91.4335,149.3829
91.5000,149.3376
91.7069,149.2760
91.7735,149.2422
91.8297,149.1813
91.8393,149.1211
91.8562,149.0637
91.8597,149.0074
91.8619,148.9456
91.8702,148.8804
91.9505,148.8378
91.9631,148.8000
91.9979,148.7746
92.0881,148.7866
92.1126,148.8024
92.2528,148.8637
92.2552,148.9255
92.2764,148.9720
92.2901,148.9645
92.3087,148.9589
92.3171,148.9388
92.3313,148.8924
92.3566,148.8485
92.5098,148.8735
92.5816,148.8960
92.6198,148.8920
92.6432,148.8959
92.6669,148.9054
92.6733,148.8920
92.6777,148.8744
92.7137,148.8455
92.7347,148.8218
92.7482,148.7946
92.7549,148.7640
92.7931,148.7271
92.8208,148.6919
92.8319,148.6342
92.8835,148.5858
92.8935,148.5328
92.9652,148.4674
93.0759,148.4111
93.1168,148.3642
93.2598,148.3022
93.2772,148.2465
93.3440,148.2125
93.4146,148.1990
93.4294,148.1841
93.4711,148.1744
93.6078,148.2189
93.6467,148.2615
93.6901,148.2960
93.7220,148.3173
93.7303,148.3040
93.7831,148.3108
93.8154,148.3097
93.8186,148.3051
93.8286,148.2933
93.8371,148.2813
93.8641,148.2796
93.8677,148.2556
93.8956,148.2347
93.8991,148.2152
93.9002,148.1925
93.9543,148.1934
93.9648,148.1755
93.9746,148.1616
93.9948,148.1204
94.0204,148.0890
94.0314,148.0533
94.0372,148.0141
94.1078,148.0048
94.1407,147.9460
94.1527,147.8848
94.1820,147.8310
94.2428,147.7762
94.3864,147.7140
94.4290,147.6643
94.4463,147.6042
94.6029,147.5896
94.7398,147.5493
94.7698,147.5180
94.8749,147.5190
94.9377,147.5183
95.0407,147.5584
95.0507,147.5988
95.0732,147.5674
95.0920,147.5319
95.1113,147.5025
95.1298,147.4810
95.1407,147.4582
95.1609,147.4281
95.1932,147.3923
95.2110,147.3624
95.2376,147.3166
95.3243,147.2773
95.3888,147.2136
95.4085,147.1580
95.4202,147.0975
95.5400,147.0831
95.5441,147.0472
95.6250,147.0176
95.6462,146.9959
95.6506,146.9561
95.7223,146.9389
95.7811,146.9400
95.9436,146.9660
95.9528,146.9883
96.0018,147.0058
96.0124,147.0205
96.0389,147.0333
96.0484,147.0142
96.0748,146.9621
96.0841,146.9081
96.1639,146.8816
96.2020,146.8621
96.2114,146.8360
96.2339,146.8120
96.2400,146.7877
96.3582,146.8127
96.3756,146.8193
96.4305,146.8253
96.4351,146.8300
96.4636,146.8412
96.4741,146.8536
96.5407,146.8910
96.5456,146.9130
96.5912,146.9420
96.6179,146.9734
96.6200,147.0032
96.6567,147.0258
96.6659,147.0451
96.6807,147.0529
96.7174,147.0646
96.8528,147.0075
96.9130,146.9567
96.9441,146.9093
97.0107,146.8537
97.0338,146.7973
97.1170,146.7725
97.2513,146.7895
97.3053,146.8069
97.3192,146.8093
97.3263,146.7859
97.3405,146.7636
97.3443,146.7409
97.4083,146.7069
97.4698,146.6971
97.4758,146.6763
97.4837,146.6560
97.5164,146.6403
97.5418,146.6286
97.5600,146.6061
97.5652,146.5830
97.5853,146.5655
97.6016,146.5500
97.6375,146.5482
97.6627,146.5496
97.6698,146.5410
97.6764,146.5331
97.7034,146.5268
97.7153,146.4953
97.7211,146.4503
97.7596,146.4036
97.9108,146.3476
98.0087,146.2946
98.1137,146.2644
98.1932,146.2656
98.2074,146.2659
98.2097,146.2517
98.2243,146.2085
98.2482,146.1490
98.3220,146.1010
98.3703,146.0723
98.4961,146.0479
98.5336,146.0366
98.5557,146.0296
98.5914,145.9975
98.6389,145.9646
98.6819,145.9457
98.7034,145.9282
98.7408,145.9178
98.8113,145.9366
98.9057,145.9933
98.9090,146.0418
98.9215,146.0803
98.9378,146.1089
98.9633,146.1329
98.9718,146.1374
98.9928,146.1343
99.0144,146.1025
99.0179,146.0650
99.0621,146.0380
99.0639,146.0011
99.0877,145.9712
99.1537,145.9671
99.1746,145.9070
99.2212,145.8620
99.2613,145.8124
99.3030,145.7560
99.3087,145.6999
99.3377,145.6544
99.4208,145.5977
99.4731,145.5534
99.5469,145.5378
99.6174,145.5132
99.6459,145.4883
99.6665,145.4353
99.7833,145.3893
99.9530,145.4106
100.0000,145.4160
100.0185,145.4278
100.0960,145.4301
100.0976,145.4299
100.1295,145.4320
100.1402,145.3934
100.1998,145.3710
100.2641,145.3672
100.3373,145.3748
100.3643,145.3913
100.3756,145.4044
100.3992,145.4015
100.4210,145.3974
100.4335,145.3567
100.6749,145.3772
100.7288,145.3976
100.7341,145.3685
100.7723,145.3401
100.7974,145.3197
100.9629,145.3403
100.9762,145.3606
101.0204,145.3984
101.0836,145.4566
101.1525,145.5380
101.1775,145.6152
101.1793,145.6835
101.1916,145.7350
101.2026,145.7871
101.2140,145.8328
101.2465,145.8816
101.3275,145.9578
101.3371,146.0316
101.3882,146.0847
101.4241,146.1510
101.4557,146.2211
101.5524,146.3112
101.5571,146.3933
101.5701,146.4517
101.6092,146.5203
101.6903,146.6093
101.8104,146.7142
101.8387,146.8116
101.8620,146.8994
101.9388,146.9983
102.0091,147.0895
102.0625,147.1902
102.1858,147.2680
102.1922,147.3362
102.2460,147.4172
102.2951,147.5173
102.3160,147.6206
102.3224,147.7169
102.3771,147.8317
102.4538,147.9643
102.4551,148.0698
102.4576,148.1731
102.4813,148.2819
102.4902,148.3774
102.5027,148.4544
102.5220,148.5328
102.5270,148.5960
102.5501,148.6187
102.5916,148.6578
102.6311,148.7044
102.6380,148.7533
102.6437,148.8015
102.7281,148.8697
102.7432,148.9236
102.8356,149.0017
102.8492,149.0583
102.8716,149.1211
102.9204,149.1942
102.9612,149.2781
102.9742,149.3547
102.9835,149.4051
103.0216,149.4583
103.0497,149.5020
103.0793,149.5067
103.1225,149.5239
103.1449,149.5131
103.1658,149.5106
103.2183,149.4717
103.2724,149.4217
103.3080,149.3751
103.3136,149.3277
103.3327,149.2862
103.3817,149.2379
103.3961,149.1913
103.6590,149.1762
103.6997,149.1728
103.7048,149.1675
103.7070,149.1464
103.7580,149.1027
103.8281,149.0480
103.9120,148.9901
103.9448,148.9325
103.9677,148.8839
104.0896,148.8838
104.1002,148.8748
104.1041,148.8487
104.1122,148.8254
104.1209,148.7899
104.1641,148.7701
104.1743,148.7534
104.2919,148.7743
104.3067,148.7647
104.3121,148.7459
104.3903,148.7526
104.5092,148.8049
104.5108,148.8307
104.5740,148.8568
104.6077,148.8612
104.6196,148.8478
104.6311,148.8331
104.6480,148.8231
104.7092,148.8159
104.7211,148.7603
104.8313,148.7392
104.8348,148.6972
104.8889,148.6458
104.9748,148.6070
104.9784,148.5652
105.0220,148.5139
105.0691,148.4806
105.1079,148.4568
105.1168,148.4294
105.2352,148.4275
105.2947,148.4432
105.3209,148.4671
105.3282,148.4666
105.3496,148.4732
105.4206,148.5000
105.4763,148.5326
105.4998,148.5707
105.5056,148.5756
105.5773,148.5771
105.6262,148.5870
105.6289,148.5976
105.6776,148.6014
105.6861,148.5903
105.6876,148.5716
105.7118,148.5166
105.7808,148.4714
105.7946,148.4280
105.8032,148.3745
105.8074,148.3219
105.8275,148.2679
105.8945,148.2119
106.0383,148.1563
106.0702,148.1030
106.1834,148.0507
106.2045,148.0050
106.2242,147.9660
106.2539,147.9131
106.3443,147.8804
106.5002,147.8352
106.5257,147.7984
106.8129,147.8589
106.8655,147.9106
106.8993,147.9321
106.9227,147.9107
106.9400,147.8742
106.9751,147.8410
107.0057,147.8086
107.0455,147.7912
107.0771,147.7784
107.0784,147.7476
107.1081,147.6982
107.1355,147.6562
107.1750,147.6261
107.1881,147.5838
107.1990,147.5315
107.2222,147.4773
107.3308,147.4643
107.3476,147.4529
107.4072,147.4604
107.4208,147.4349
107.4660,147.4173
107.5126,147.4056
107.5199,147.3761
107.5218,147.3388
107.5501,147.2948
107.5605,147.2383
107.7149,147.2220
107.7153,147.1737
107.7734,147.1442
107.7788,147.1036
107.7928,147.0554
108.0382,147.0228
108.0874,146.9880
108.1087,146.9433
108.1266,146.9019
108.1981,146.8848
108.2112,146.8668
108.2919,146.8667
108.2995,146.8642
108.3163,146.8313
108.4163,146.8127
108.4757,146.8060
108.5083,146.7904
108.5197,146.7740
108.5886,146.7327
108.6853,146.6956
108.6987,146.6565
108.7282,146.6242
108.7668,146.6053
108.7723,146.5569
108.8566,146.5326
108.9152,146.5096
108.9298,146.4810
108.9883,146.4385
109.0057,146.3993
109.1386,146.3547
109.1986,146.3206
109.2844,146.3153
109.3965,146.3359
109.4208,146.3270
109.4426,146.3196
109.4587,146.3125
109.4837,146.3131
109.5999,146.3543
109.6036,146.3473
109.6100,146.3413
109.6326,146.3374
109.6866,146.3209
109.6986,146.2967
109.7405,146.2756
109.8089,146.2771
109.8416,146.2851
109.8443,146.2781
109.8667,146.2594
109.8742,146.2305
109.8896,146.2049
109.8929,146.1661
109.9068,146.1138
109.9100,146.0618
110.0398,146.0160
110.1804,145.9730
110.1848,145.9197
110.1978,145.8682
110.2812,145.8311
110.2951,145.7816
110.2972,145.7299
110.3701,145.6845
110.4238,145.6437
110.4604,145.6125
110.5641,145.6069
110.5949,145.5584
110.6770,145.5279
110.7302,145.4980
110.8191,145.4894
110.8288,145.4747
110.8387,145.4575
110.8838,145.4541
110.9007,145.4238
110.9591,145.4112
110.9676,145.3634
111.0043,145.3133
111.0160,145.2630
111.0936,145.2243
111.1670,145.2124
111.1709,145.1764
111.1848,145.1315
111.2207,145.0802
111.2656,145.0340
111.2959,144.9888
111.3388,144.9430
111.4082,144.8925
111.4282,144.8439
111.5473,144.7950
111.5575,144.7478
111.5880,144.7032
111.6143,144.6628
111.7067,144.6429
111.7657,144.6354
111.9231,144.6785
111.9290,144.7229
111.9324,144.7094
111.9541,144.7026
112.0344,144.7061
112.0965,144.7274
112.2018,144.7618
112.2371,144.8041
112.2600,144.8467
112.3468,144.9200
112.3527,144.9667
112.3701,145.0069
112.3998,145.0273
112.4174,145.0452
112.4241,145.0377
112.4706,145.0447
112.5337,145.0752
112.5473,145.1090
112.5770,145.1325
112.6463,145.1572
112.6668,145.1775
112.6842,145.2027
112.6943,145.2097
112.7453,145.2259
112.8079,145.2358
112.9185,145.2825
112.9467,145.3305
113.0475,145.4043
113.0545,145.4777
113.0831,145.5545
113.1044,145.6332
113.1313,145.7027
113.2168,145.7988
113.2241,145.8686
113.2332,145.9197
113.2642,145.9585
113.2786,145.9923
113.3215,146.0295
113.3876,146.0757
113.4017,146.1140
113.4132,146.1237
113.4304,146.1202
113.4558,146.0942
113.5278,146.0425
113.5717,146.0016
113.6937,146.0040
113.7186,145.9990
113.7543,146.0071
113.8914,146.0562
113.9014,146.1033
113.9103,146.1397
113.9226,146.1669
114.0071,146.2068
114.0459,146.2537
114.1182,146.3198
114.1592,146.3953
114.1739,146.4629
114.1980,146.5331
114.2044,146.5951
114.2100,146.6520
114.2336,146.7000
114.2381,146.7350
114.2428,146.7429
114.2468,146.7238
114.3174,146.7202
114.4182,146.7368
114.5013,146.7790
114.5275,146.8089
114.5949,146.8439
114.6122,146.8808
114.6350,146.9147
114.6597,146.9538
114.6978,146.9927
114.7416,147.0463
114.7514,147.0740
114.7809,147.0943
114.8071,147.1145
114.8725,147.1557
114.9120,147.2099
114.9240,147.2665
114.9728,147.3247
115.0370,147.3926
115.0916,147.4759
115.0989,147.5583
115.1046,147.6022
115.1500,147.6570
115.1694,147.7171
115.1916,147.7791
115.2760,147.8536
115.3191,147.9422
115.3408,147.9912
115.3642,148.0443
115.4432,148.1212
115.4754,148.2063
115.5063,148.3004
115.5579,148.3874
115.5901,148.4824
115.6175,148.5784
115.7398,148.6984
115.7597,148.8242
115.8417,148.9659
115.8565,149.0968
115.8633,149.2247
115.8951,149.3486
115.9168,149.4735
115.9624,149.5822
115.9707,149.6785
115.9903,149.7216
116.0039,149.7488
116.0674,149.7932
116.0772,149.8349
116.0837,149.8692
116.1041,149.9099
116.1345,149.9509
116.1596,149.9990
116.1834,150.0553
116.1906,150.0882
116.2770,150.1492
116.3112,150.1350
116.4175,150.1421
116.4577,150.1331
116.4763,150.1256
116.5244,150.1131
116.5656,150.1024
116.5842,150.0634
116.6309,150.0189
116.7524,149.9775
116.7645,149.9385
116.8044,149.8995
116.8431,149.8716
116.8842,149.8541
116.9484,149.8382
117.0049,149.8301
117.0108,149.8212
117.0329,149.8017
117.0478,149.7821
117.0676,149.7502
117.0830,149.7026
117.1175,149.6570
117.1273,149.6136
117.1515,149.5729
117.3185,149.5378
117.3300,149.4931
117.3911,149.4498
117.4330,149.4125
117.4492,149.3680
117.5708,149.3501
117.5843,149.3362
117.5974,149.3240
117.6169,149.3029
117.6493,149.2835
117.6545,149.2490
117.6906,149.2146
117.7698,149.1960
117.7761,149.1789
117.7950,149.1341
117.8603,149.0869
117.9264,149.0387
118.0195,148.9914
118.0542,148.9426
118.1384,148.8992
118.3058,148.8644
118.3142,148.8236
118.3709,148.7823
118.3866,148.7342
118.4217,148.6835
118.4659,148.6438
118.5904,148.6267
118.6546,148.6085
118.7109,148.6083
118.7205,148.5946
118.7335,148.5699
118.7443,148.5300
118.7851,148.5013
118.8744,148.4955
118.8797,148.4873
118.9493,148.4965
118.9761,148.5120
118.9819,148.5092
119.0517,148.5301
119.0772,148.5445
119.1152,148.5666
119.1291,148.5799
119.1774,148.5894
119.2169,148.6061
119.2212,148.6162
119.2956,148.6260
119.3416,148.6470
119.3584,148.6381
119.3777,148.6330
119.3845,148.6040
119.4106,148.5643
119.4351,148.5249
119.4708,148.4932
119.4775,148.4430
119.5354,148.3932
119.5601,148.3482
119.5926,148.3051
119.6692,148.2571
119.7422,148.2091
119.7745,148.1701
119.7771,148.1257
119.9156,148.0837
119.9317,148.0428
120.0886,148.0105
120.1297,147.9919
120.1961,147.9883
120.2572,148.0004
120.2739,148.0006
120.3343,148.0209
120.3793,148.0469
120.4166,148.0766
120.4345,148.0567
120.4405,148.0193
120.5106,148.0029
120.5497,147.9958
120.5991,148.0003
120.6485,148.0053
120.7210,148.0317
120.7367,148.0576
120.7571,148.0813
120.7758,148.0972
120.7986,148.1124
120.7994,148.1070
120.8510,148.1130
120.8664,148.1237
120.8811,148.1316
120.8816,148.1146
120.9036,148.1029
120.9721,148.0973
121.0388,148.0952
121.0547,148.0802
121.0637,148.0432
121.0885,148.0054
121.1465,147.9799
121.1583,147.9515
121.1764,147.9249
121.2148,147.9015
121.2295,147.8700
121.2631,147.8379
121.2811,147.8083
121.3386,147.7839
121.3796,147.7725
121.3924,147.7646
121.4049,147.7490
121.4089,147.7249
121.4183,147.7021
121.4414,147.6736
121.4934,147.6251
121.4984,147.5776
121.5769,147.5412
121.5978,147.5117
121.6090,147.4812
121.6168,147.4494
121.7631,147.4166
121.7993,147.3677
121.8738,147.3247
121.8954,147.2808
121.9416,147.2385
121.9702,147.2010
122.0500,147.1903
122.0521,147.1720
122.0721,147.1577
122.0894,147.1439
122.1047,147.1331
122.2079,147.1046
122.2341,147.0555
122.3219,147.0193
122.3318,146.9862
122.3358,146.9472
122.3694,146.9088
122.4089,146.8597
122.4895,146.8205
122.5131,146.7778
122.6619,146.7313
122.7835,146.6977
122.8278,146.6504
122.8601,146.6038
122.9557,146.5876
123.0186,146.5807
123.0967,146.5811
123.1591,146.5914
123.1680,146.5974
123.1923,146.5971
123.2232,146.6041
123.2545,146.5825
123.2863,146.5592
123.3090,146.5311
123.3493,146.5076
123.3763,146.4707
123.3850,146.4348
123.4495,146.4146
123.4947,146.3750
123.5365,146.3469
123.5713,146.3272
123.5900,146.2913
123.6527,146.2594
123.6908,146.2340
123.7028,146.2107
123.7118,146.1857
123.7588,146.1734
123.7669,146.1541
123.8796,146.1557
123.9256,146.1525
123.9803,146.1637
124.0088,146.1693
124.1220,146.1937
124.1362,146.2099
124.1444,146.2201
124.1836,146.2269
124.2037,146.2357
124.2356,146.2376
124.2596,146.2322
124.2841,146.1974
124.3326,146.1720
124.4301,146.1767
124.4841,146.1373
124.4986,146.1003
124.5000,146.0570
124.5640,146.0155
124.6033,145.9864
124.7341,145.9509
124.8553,145.9120
124.9416,145.8967
125.0286,145.8871
125.0771,145.8872
125.1138,145.8848
125.2241,145.9132
125.2415,145.9279
125.2734,145.9491
125.3923,145.9605
125.4156,145.9602
125.4651,145.9610
125.4850,145.9668
125.5104,145.9697
125.5223,145.9620
125.5426,145.9591
125.5747,145.9531
125.6872,145.9816
125.7908,146.0293
125.8388,146.0906
125.8991,146.1678
125.9133,146.2112
125.9427,146.2628
125.9462,146.3105
126.0037,146.3658
126.0246,146.4140
126.0880,146.4815
126.1438,146.5450
126.1505,146.6095
126.1615,146.6434
126.1977,146.6277
126.2306,146.6076
126.2602,146.5963
126.2830,146.5501
126.2964,146.5054
126.3267,146.4657
126.3531,146.4339
126.4397,146.4215
126.4497,146.3995
126.4525,146.3692
126.4573,146.3228
126.4955,146.2834
126.5937,146.2743
126.6063,146.2636
126.6642,146.2257
126.6974,146.1849
126.7376,146.1519
126.7519,146.1194
126.7654,146.0757
126.8450,146.0288
126.9325,146.0098
126.9877,145.9950
126.9997,145.9587
127.0388,145.9247
127.0450,145.8899
127.1223,145.8446
127.1750,145.8158
127.1918,145.7901
127.2455,145.7696
127.2600,145.7254
127.3308,145.6815
127.4324,145.6356
127.4864,145.5968
127.5023,145.5547
127.5170,145.5153
127.5290,145.4711
127.6578,145.4320
127.6898,145.3964
127.7289,145.3675
127.7482,145.3262
127.8499,145.3009
127.8557,145.2572
127.8818,145.2153
127.9064,145.1813
128.0939,145.1800
128.1526,145.1952
128.1678,145.2103
128.1830,145.2106
128.2840,145.2411
128.3313,145.2764
128.3406,145.3131
128.3599,145.3416
128.4125,145.3579
128.4276,145.3741
128.4460,145.3885
128.4748,145.4037
128.4788,145.4201
128.4855,145.4060
128.5179,145.4009
128.5648,145.4105
128.5751,145.3996
128.5955,145.3895
128.6380,145.3563
128.6397,145.3220
128.6409,145.2847
128.6526,145.2496
128.7067,145.2261
128.7206,145.1998
128.7220,145.1599
128.8340,145.1198
128.8784,145.0760
128.9089,145.0417
128.9636,145.0036
128.9785,144.9589
129.0058,144.9145
129.1943,144.9106
129.2407,144.9079
129.3395,144.9367
129.3631,144.9330
129.4115,144.9422
129.4127,144.9498
129.5065,144.9566
129.5126,144.9503
129.5167,144.9194
129.6488,144.8837
129.6804,144.8420
129.7599,144.7956
129.8088,144.7596
129.9019,144.7300
129.9295,144.7066
129.9509,144.6786
129.9560,144.6387
129.9720,144.6011
129.9759,144.5645
130.0172,144.5394
130.0493,144.5230
130.0552,144.4952
130.0581,144.4622
130.0723,144.4294
130.1460,144.3911
130.2246,144.3676
130.2289,144.3322
130.3402,144.3217
130.3845,144.3173
130.4499,144.3300
130.5344,144.3681
130.6006,144.4251
130.6619,144.4909
130.6900,144.5579
130.6961,144.6206
130.7036,144.6847
130.8367,144.7785
130.8700,144.8789
130.9011,144.9730
130.9100,145.0685
130.9404,145.1724
130.9507,145.2773
131.0337,145.4063
131.0724,145.5244
131.0790,145.6328
131.0851,145.7228
131.1014,145.8119
131.1077,145.9003
131.1190,145.9880
131.1206,146.0734
131.1955,146.1659
131.2578,146.2717
131.3200,146.3901
131.3870,146.5185
131.4050,146.6338
131.4185,146.7427
131.4232,146.8479
131.5219,146.9681
131.5426,147.0923
131.5590,147.1659
131.5704,147.2320
131.5740,147.2956
131.5900,147.2654
131.6176,147.2377
131.6965,147.2339
131.8581,147.2625
131.9191,147.3071
131.9448,147.3284
131.9529,147.3001
131.9782,147.2710
132.0139,147.2507
132.1270,147.2457
132.1628,147.2425
132.1734,147.2299
132.2087,147.2163
132.2832,147.2159
132.3063,147.2128
132.3343,147.2031
132.3425,147.1691
132.3976,147.1522
132.4056,147.1211
132.5159,147.0802
132.5818,147.0498
132.6637,147.0304
132.7987,146.9877
132.8166,146.9471
132.9276,146.9147
132.9404,146.8800
133.0161,146.8669
133.0940,146.8684
133.0964,146.8529
133.1104,146.8353
133.1147,146.8002
133.1217,146.7673
133.1386,146.7360
133.2355,146.7152
133.2366,146.6882
133.2451,146.6634
133.2684,146.6413
133.2710,146.6079
133.3017,146.5689
133.4035,146.5323
133.4460,146.5065
133.4752,146.4747
133.5598,146.4560
133.5762,146.4314
133.6106,146.4108
133.6363,146.3900
133.6483,146.3690
133.6933,146.3571
133.7306,146.3509
133.7547,146.3446
133.7780,146.3442
133.8094,146.3304
133.8144,146.3047
133.8308,146.2761
133.9505,146.2530
134.0299,146.2460
134.0515,146.2389
134.0654,146.2289
134.1419,146.2240
134.1561,146.2003
134.2048,146.1592
134.4332,146.1324
134.5100,146.1248
134.5490,146.0886
134.6706,146.0871
134.7224,146.0680
134.7725,146.0592
134.7856,146.0541
134.7934,146.0502
134.8385,146.0335
134.8432,146.0170
134.8534,145.9947
134.8682,145.9662
134.9134,145.9436
134.9369,145.9145
134.9635,145.8834
135.0285,145.8421
135.0637,145.8002
135.0771,145.7581
135.0933,145.7150
135.1307,145.6748
135.1966,145.6344
135.3527,145.6287
135.3626,145.6193
135.3639,145.6038
135.3800,145.5880
135.4632,145.5753
135.4851,145.5588
135.5249,145.5473
135.6800,145.5788
135.6861,145.6034
135.7123,145.5920
135.7218,145.5632
135.7944,145.5413
135.8194,145.5223
135.8444,145.5048
135.8575,145.4641
135.9051,145.4369
135.9574,145.4205
135.9693,145.4070
135.9771,145.3939
136.0460,145.3948
136.0511,145.3970
136.0845,145.4077
136.3377,145.4847
136.4617,145.5993
136.4671,145.7058
136.4707,145.7948
136.5477,145.8632
136.5512,145.9326
136.5968,146.0019
136.6040,146.0733
136.6310,146.1450
136.6357,146.2012
136.6791,146.2359
136.7586,146.2628
136.7970,146.3014
136.7996,146.3353
136.8207,146.3477
136.9001,146.3575
136.9046,146.3650
136.9174,146.3699
136.9214,146.3723
136.9508,146.3402
137.0009,146.3217
137.0084,146.2931
137.0667,146.2553
137.1003,146.2213
137.1371,146.1964
137.1540,146.1574
137.2975,146.1317
137.4218,146.1430
137.4751,146.1485
137.5313,146.1693
137.7605,146.2588
137.7719,146.3420
137.8168,146.4381
137.8374,146.5389
137.8970,146.6466
137.8993,146.7346
137.9589,146.8317
138.0926,146.9633
138.1051,147.0949
138.1152,147.2148
138.1506,147.3158
138.1561,147.4175
138.1676,147.5202
138.1731,147.6212
138.2506,147.7290
138.3240,147.8519
138.3800,147.9776
138.3966,148.1082
138.4088,148.2237
138.4364,148.3441
138.4549,148.4443
138.4748,148.5274
138.4863,148.6066
138.4942,148.6808
138.5215,148.7585
138.5330,148.8257
138.5553,148.8794
138.5647,148.9336
138.5848,148.9670
138.5903,148.9487
138.6444,148.9168
138.8305,148.8885
138.8405,148.8574
138.8505,148.8171
138.8953,148.7842
138.9124,148.7530
138.9220,148.7107
138.9493,148.6725
139.0151,148.6301
139.0264,148.5891
139.1353,148.5550
139.2650,148.5235
139.3079,148.4900
139.3100,148.4551
139.3421,148.4266
139.4026,148.4128
139.5008,148.3848
139.5042,148.3529
139.5258,148.3166
139.5289,148.2811
139.5353,148.2458
139.5863,148.2112
139.5954,148.1758
139.6046,148.1364
139.6667,148.0966
139.7214,148.0628
139.7317,148.0274
139.8092,147.9937
139.8132,147.9504
140.0491,147.9069
140.1102,147.8722
140.1520,147.8491
140.2454,147.8485
140.2469,147.8481
140.2982,147.8064
140.3604,147.7723
140.4032,147.7304
140.4204,147.6884
140.4614,147.6551
140.5153,147.6184
140.5211,147.5796
140.6154,147.5672
140.6706,147.5703
140.6983,147.5759
140.7170,147.5856
140.7289,147.5869
140.7347,147.5580
140.7612,147.5342
140.8084,147.5182
140.8554,147.5160
140.8875,147.5213
140.9625,147.5322
140.9748,147.5242
140.9781,147.4876
141.0556,147.4710
141.0780,147.4318
141.1042,147.3900
141.1966,147.3620
141.2121,147.3279
141.2379,147.2881
141.3073,147.2502
141.3367,147.2199
141.4222,147.2101
141.4491,147.1702
141.4690,147.1359
141.5189,147.1120
141.5292,147.0875
141.5551,147.0466
141.5904,147.0158
141.5924,146.9846
141.6280,146.9636
141.6671,146.9509
141.6707,146.9387
141.6770,146.9180
141.6971,146.8972
141.7095,146.8645
141.8245,146.8541
141.8333,146.8357
141.8789,146.8252
141.9339,146.8165
141.9564,146.8096
141.9973,146.8146
142.0033,146.8188
142.0916,146.8034
142.1135,146.7838
142.1404,146.7686
142.1457,146.7262
142.1487,146.6845
142.1979,146.6526
142.2479,146.6352
142.2618,146.6170
142.2819,146.5982
142.3246,146.5700
142.3808,146.5438
142.4454,146.5028
142.5152,146.4669
142.6623,146.4353
142.6905,146.4099
142.7615,146.3724
142.7952,146.3336
142.9224,146.3114
143.0402,146.3193
143.0566,146.3195
143.0910,146.2997
143.1498,146.2936
143.1674,146.2704
143.2177,146.2387
143.2227,146.2078
143.2312,146.1745
143.2398,146.1435
143.2529,146.1098
143.3154,146.0816
143.3319,146.0453
143.3840,146.0063
143.4014,145.9713
143.5415,145.9639
143.5433,145.9494
143.5501,145.9311
143.6103,145.9186
143.6717,145.8885
143.7244,145.8677
143.7350,145.8449
143.7409,145.8065
143.7689,145.7670
143.8502,145.7466
143.8616,145.7245
143.9269,145.7055
143.9490,145.6832
143.9728,145.6553
144.0047,145.6178
144.0116,145.5761
144.0328,145.5370
144.0819,145.4979
144.1445,145.4741
144.1509,145.4505
144.2852,145.4248
144.3048,145.4014
144.3353,145.3619
144.3554,145.3245
144.4726,145.2890
144.5079,145.2517
144.5146,145.2112
144.5656,145.1767
144.6359,145.1578
144.6761,145.1218
144.7692,145.0939
144.8056,145.0735
144.8612,145.0374
144.9491,144.9999
144.9964,144.9679
145.0803,144.9561
145.1030,144.9477
145.1146,144.9293
145.1254,144.9117
145.1259,144.8936
145.1579,144.8821
145.2472,144.8941
145.2524,144.9046
145.2903,144.9242
145.3926,144.9670
145.4104,145.0106
145.4562,145.0584
145.4922,145.1100
145.5889,145.1859
145.6122,145.2479
145.6492,145.3088
145.6567,145.3401
145.6596,145.3716
145.7305,145.3863
145.7556,145.4050
145.8135,145.4364
145.8197,145.4690
145.8550,145.4902
145.8784,145.5177
145.8829,145.5450
145.9024,145.5620
145.9140,145.5807
145.9943,145.6112
146.0138,145.6338
146.0809,145.6579
146.1077,145.6891
146.1092,145.6757
146.1218,145.6600
146.1266,145.6195
146.1534,145.5820
146.2202,145.5497
146.2946,145.5130
146.3597,145.4815
146.4513,145.4580
146.4603,145.4367
146.5320,145.4032
146.5528,145.3736
146.5619,145.3459
146.6200,145.3295
146.6351,145.3037
146.7516,145.2675
146.8843,145.2478
146.9404,145.2395
147.0005,145.2453
147.0299,145.2574
147.1033,145.2829
147.1400,145.3020
147.1689,145.3262
147.1752,145.3421
147.2215,145.3585
147.2260,145.3607
147.2324,145.3406
147.2468,145.3165
147.3603,145.3007
147.3727,145.2860
147.4040,145.2785
147.4175,145.2690
147.4669,145.2716
147.4984,145.2389
147.5749,145.2227
147.6151,145.2159
147.6458,145.2138
147.6532,145.2028
147.6681,145.1707
147.7388,145.1531
147.7743,145.1414
147.7800,145.1136
147.7934,145.0880
147.8222,145.0489
147.9049,145.0305
147.9767,145.0301
148.0314,145.0443
148.0383,145.0486
148.0497,145.0218
148.0642,144.9905
148.0808,144.9619
148.0855,144.9322
148.0964,144.8947
148.1663,144.8622
148.2106,144.8224
148.2804,144.7857
148.3026,144.7501
148.3749,144.7259
148.5638,144.7371
148.5717,144.7400
148.5943,144.7453
148.6262,144.7325
148.6791,144.7200
148.6836,144.6940
148.6872,144.6646
148.6973,144.6380
148.7031,144.5997
148.7361,144.5631
148.7890,144.5392
148.8396,144.5284
148.8920,144.5307
148.9308,144.5123
148.9366,144.4950
148.9705,144.4855
149.0047,144.4655
149.0174,144.4395
149.0794,144.4078
149.1276,144.3887
149.1826,144.3832
149.1953,144.3782
149.2369,144.3841
149.2428,144.3681
149.2868,144.3561
149.3202,144.3344
149.3481,144.3005
149.4384,144.2724
149.4502,144.2372
149.4769,144.1997
149.4943,144.1666
149.5136,144.1318
149.5293,144.0979
149.5606,144.0644
149.5715,144.0288
149.6592,144.0093
149.7036,143.9964
149.7658,143.9615
149.8463,143.9297
149.8485,143.8912
149.8515,143.8536
149.8608,143.8171
149.9724,143.7871
150.0388,143.7571
150.0545,143.7185
150.1021,143.6901
150.1122,143.6550
150.2451,143.6375
150.3059,143.6044
150.5073,143.5666
150.5450,143.5326
150.6556,143.5052
150.6611,143.4746
150.7180,143.4585
150.7562,143.4522
150.7573,143.4376
150.8978,143.4557
150.9760,143.4872
150.9901,143.5195
151.0062,143.5413
151.0229,143.5677
151.0605,143.6021
151.0674,143.6297
151.0814,143.6422
151.1255,143.6487
151.1461,143.6594
151.2009,143.6710
151.2597,143.6724
151.2787,143.6731
151.2975,143.6624
151.3044,143.6261
151.3587,143.5874
151.3918,143.5545
151.5268,143.5163
151.5940,143.4801
151.6372,143.4449
151.8062,143.4438
151.8350,143.4396
151.8678,143.4192
151.9014,143.4051
151.9237,143.3777
151.9310,143.3475
151.9435,143.3158
151.9646,143.2830
151.9839,143.2519
152.1046,143.2299
152.1628,143.2228
152.1950,143.2213
152.2076,143.2177
152.2217,143.2141
152.2320,143.2086
152.2357,143.1954
152.2914,143.1857
152.2972,143.1674
152.3405,143.1520
152.3660,143.1282
152.3902,143.0958
152.4413,143.0580
152.5235,143.0378
152.5397,143.0052
152.5512,142.9706
152.6074,142.9394
152.6257,142.9108
152.6799,142.8787
152.6997,142.8451
152.7977,142.8185
152.8004,142.7925
152.8315,142.7596
152.8481,142.7305
152.9067,142.6937
152.9988,142.6686
153.0567,142.6576
153.0729,142.6398
153.1306,142.6334
153.1414,142.6208
153.1836,142.6066
153.2019,142.5894
153.2492,142.5849
153.3150,142.5854
153.3390,142.5895
153.3819,142.6025
153.4317,142.6215
153.4767,142.6426
153.4850,142.6600
153.5377,142.6746
153.5425,142.6768
153.5586,142.6826
153.5938,142.6804
153.6089,142.6597
153.6338,142.6290
153.7096,142.6016
153.7421,142.5791
153.7764,142.5637
153.8226,142.5536
153.8649,142.5415
153.9371,142.5335
153.9735,142.5330
154.0337,142.5404
154.0465,142.5410
154.1091,142.5464
154.1306,142.5554
154.1376,142.5631
154.1935,142.5842
154.2000,142.5926
154.2134,142.5857
154.2304,142.5811
154.2662,142.5661
154.2934,142.5541
154.2976,142.5417
154.3429,142.5179
154.4243,142.5040
154.4718,142.4764
154.4845,142.4484
154.6988,142.4310
154.7059,142.4067
154.8213,142.3906
154.9159,142.3986
154.9514,142.4157
154.9737,142.4344
154.9822,142.4474
155.0202,142.4649
155.0975,142.5003
155.1179,142.5392
155.1554,142.5870
155.1647,142.6366
155.2341,142.6958
155.2513,142.7588
155.2535,142.8141
155.3226,142.8733
155.3546,142.9289
155.3888,142.9903
155.3969,143.0490
155.4277,143.1129
155.4284,143.1497
155.4647,143.1904
155.5196,143.2360
155.5766,143.2916
155.6296,143.3509
155.6329,143.4111
155.6565,143.4420
155.6641,143.4719
155.7304,143.5179
155.8488,143.5930
155.8571,143.6568
155.8704,143.7216
155.9104,143.7916
155.9375,143.8600
155.9656,143.9160
155.9842,143.9738
156.0386,144.0314
156.0398,144.0600
156.1125,144.1073
156.1298,144.1558
156.1342,144.2046
156.1977,144.2307
156.2158,144.2554
156.2176,144.2750
156.2356,144.2975
156.3519,144.3375
156.3844,144.3830
156.4314,144.4142
156.4406,144.4282
156.4875,144.4495
156.4916,144.4605
156.5189,144.4698
156.5213,144.4682
156.5433,144.4604
156.5561,144.4522
156.6016,144.4231
156.8677,144.3922
156.8989,144.3666
156.9040,144.3420
156.9333,144.3079
157.0000,144.2802
157.0103,144.2463
157.0791,144.2198
157.0851,144.1866
157.1121,144.1573
157.1673,144.1205
157.2207,144.0863
157.2381,144.0515
157.2748,144.0260
157.2898,143.9947
157.2922,143.9625
157.3550,143.9372
157.3801,143.9020
157.4494,143.8701
157.4556,143.8371
157.4943,143.8080
157.5788,143.7719
157.6328,143.7376
157.6815,143.7032
157.7500,143.6780
157.7703,143.6440
157.7829,143.6106
157.8219,143.5871
157.8278,143.5562
157.8356,143.5257
157.8388,143.4949
157.8873,143.4731
157.8889,143.4435
157.9865,143.4326
157.9988,143.4137
158.0132,143.3900
158.0156,143.3597
158.0423,143.3363
158.0673,143.3170
158.0733,143.2987
158.0811,143.2675
158.1498,143.2324
158.2343,143.2116
158.2608,143.1956
158.2886,143.1853
158.3076,143.1763
158.3196,143.1553
158.4142,143.1566
158.4315,143.1314
158.4857,143.0947
158.6216,143.0743
158.8384,143.0473
158.9026,143.0244
158.9286,142.9895
158.9377,142.9559
159.0101,142.9205
159.0819,142.8988
159.1485,142.8914
159.2013,142.8897
159.2457,142.8991
159.2719,142.8829
159.3587,142.8879
159.3603,142.8651
159.3706,142.8449
159.4343,142.8395
159.4412,142.8338
159.4633,142.8320
159.5102,142.8299
159.5440,142.8356
159.5556,142.8301
159.5807,142.8299
159.6096,142.8332
159.6247,142.8088
159.6352,142.7794
159.6471,142.7499
159.6589,142.7221
159.7162,142.6980
159.7503,142.6638
159.7830,142.6288
159.8567,142.6088
159.8831,142.5883
159.9200,142.5689
159.9354,142.5535
159.9489,142.5393
160.0139,142.5403
160.0898,142.5503
160.1453,142.5646
160.1744,142.5845
160.2073,142.6104
160.2157,142.6332
160.2307,142.6258
160.2587,142.6083
160.2714,142.5811
160.5875,142.5470
160.7287,142.5246
160.7493,142.5037
160.7798,142.4717
160.8580,142.4381
160.8930,142.4028
160.9756,142.3825
161.0017,142.3667
161.0435,142.3614
161.0465,142.3540
161.0672,142.3480
161.1333,142.3546
161.1756,142.3643
161.1958,142.3730
161.2060,142.3799
161.3260,142.4162
161.3994,142.4530
161.4157,142.4900
161.4306,142.5085
161.5034,142.5332
161.5088,142.5477
161.5159,142.5527
161.5493,142.5632
161.5782,142.5785
161.5871,142.5708
161.6005,142.5597
161.6020,142.5435
161.6305,142.5344
161.6833,142.5203
161.7277,142.5116
161.7282,142.5028
161.7400,142.4870
161.7543,142.4680
161.7915,142.4325
161.8020,142.3972
161.8555,142.3634
161.8636,142.3307
161.9817,142.2982
162.0209,142.2743
162.0747,142.2635
162.0933,142.2485
162.1941,142.2545
162.2017,142.2547
162.2170,142.2537
162.2180,142.2353
162.2402,142.2181
162.2512,142.1944
162.2779,142.1774
162.3810,142.1608
162.3955,142.1407
162.5994,142.1075
162.6681,142.0763
162.7093,142.0493
162.7163,142.0147
162.7991,141.9836
162.8678,141.9683
162.9059,141.9569
162.9117,141.9458
162.9721,141.9307
162.9839,141.9068
163.0752,141.8990
163.0988,141.8908
163.1241,141.8697
163.1428,141.8342
163.2358,141.8112
163.3058,141.7869
163.3235,141.7587
163.3815,141.7402
163.5551,141.7613
163.5657,141.7850
163.5823,141.8045
163.5868,141.7985
163.6381,141.7940
163.6740,141.7946
163.6871,141.7961
163.6929,141.7758
163.7237,141.7501
163.8210,141.7391
163.8316,141.7125
163.8857,141.6993
163.9340,141.6768
163.9499,141.6462
164.0015,141.6198
164.0233,141.5976
164.0694,141.5746
164.1344,141.5436
164.1674,141.5091
164.1856,141.4744
164.2443,141.4400
164.3070,141.4108
164.3409,141.3873
164.3618,141.3543
164.4230,141.3198
164.4348,141.2873
164.5012,141.2537
164.6554,141.2391
164.8016,141.2187
164.8110,141.1892
164.8140,141.1574
164.8552,141.1263
164.8813,141.0972
164.8990,141.0685
164.9956,141.0620
165.0770,141.0637
165.0842,141.0626
165.1125,141.0679
165.1255,141.0755
165.1460,141.0873
165.1809,141.0969
165.2274,141.1043
165.2773,141.1190
165.3045,141.1331
165.3223,141.1428
165.3336,141.1503
165.3402,141.1460
165.4238,141.1417
165.4633,141.1472
165.4882,141.1535
165.5312,141.1373
165.5987,141.1032
165.6908,141.0731
165.6996,141.0428
165.7305,141.0198
165.7591,140.9857
165.7875,140.9538
165.8797,140.9226
165.8817,140.8885
165.9358,140.8550
166.0042,140.8356
166.0160,140.8109
166.0246,140.7813
166.0312,140.7497
166.0822,140.7173
166.1254,140.6917
166.1341,140.6589
166.1445,140.6259
166.1516,140.5930
166.2938,140.5621
166.5010,140.5534
166.5964,140.5253
166.6181,140.4915
166.6651,140.4636
166.7152,140.4373
166.7315,140.4112
166.9930,140.3810
167.0227,140.3550
167.0370,140.3250
167.0456,140.2958
167.0523,140.2624
167.0794,140.2277
167.1508,140.1937
167.2143,140.1721
167.2347,140.1553
167.2741,140.1436
167.4281,140.1690
167.5057,140.2039
167.5216,140.2282
167.5695,140.2554
167.5796,140.2766
167.6232,140.3076
167.7129,140.3503
167.8796,140.4314
167.8970,140.5136
167.9125,140.5940
167.9623,140.6832
167.9702,140.7557
167.9779,140.8287
168.0058,140.9060
168.0469,140.9760
168.0596,141.0475
168.0936,141.1253
168.1454,141.1988
168.1736,141.2733
168.2761,141.3730
168.2993,141.4722
168.3096,141.5638
168.4013,141.6695
168.4022,141.7741
168.4825,141.8904
168.4974,142.0012
168.5502,142.1185
168.5690,142.2185
168.6071,142.3268
168.6086,142.4261
168.6206,142.5244
168.6387,142.5972
168.6434,142.6565
168.6453,142.7145
168.6519,142.7738
168.6853,142.8391
168.7093,142.8936
168.7498,142.9478
168.7719,143.0041
168.8036,143.0653
168.8317,143.1324
168.8617,143.1732
168.8815,143.2042
168.9804,143.2573
168.9848,143.2928
168.9881,143.3153
168.9972,143.3389
169.0015,143.3619
169.1101,143.3735
169.1305,143.3895
169.1334,143.4002
169.2725,143.3684
169.3421,143.3380
169.3547,143.3080
169.4622,143.2751
169.4879,143.2414
169.6066,143.2150
169.6364,143.1931
169.6502,143.1738
169.7193,143.1611
169.7399,143.1417
169.7670,143.1137
169.7706,143.0821
169.8594,143.0492
169.8627,143.0158
169.8872,142.9880
169.9007,142.9629
169.9240,142.9424
169.9583,142.9204
169.9896,142.8999
169.9918,142.8666
170.0191,142.8369
170.1690,142.8190
170.3013,142.8311
170.3056,142.8345
170.3360,142.8072
170.3764,142.7820
170.3869,142.7576
170.3975,142.7326
170.4006,142.7024
170.5160,142.6720
170.5512,142.6403
170.5888,142.6078
170.6568,142.5763
170.6662,142.5440
170.6949,142.5118
170.6996,142.4782
170.8060,142.4483
170.8156,142.4191
170.9657,142.3853
171.0623,142.3720
171.1196,142.3725
171.1282,142.3712
171.2154,142.3533
171.2595,142.3424
171.2675,142.3314
171.3291,142.3236
171.3456,142.2942
171.3586,142.2674
171.4058,142.2368
171.5213,142.2037
171.6010,142.1861
171.6130,142.1685
171.6338,142.1484
171.7277,142.1476
171.7469,142.1509
171.7894,142.1415
171.8243,142.1334
171.8556,142.1267
171.8771,142.1031
171.8855,142.0793
171.9527,142.0704
172.0059,142.0483
172.0304,142.0256
172.0965,141.9930
172.1871,141.9672
172.2023,141.9376
172.2116,141.9080
172.2145,141.8779
172.2425,141.8473
172.2839,141.8141
172.3275,141.7892
172.3464,141.7687
172.3486,141.7379
172.4005,141.7133
172.4245,141.6921
172.4594,141.6702
172.5656,141.6391
172.6068,141.6060
172.6809,141.5730
172.6887,141.5406
172.7935,141.5077
172.8243,141.4778
172.9031,141.4450
172.9786,141.4190
173.1998,141.4103
173.2169,141.3972
173.3099,141.3947
173.4295,141.4123
173.4411,141.4198
173.4527,141.4066
173.4737,141.3952
173.4864,141.3842
173.5310,141.3817
173.6307,141.3974
173.6554,141.4168
173.6627,141.4363
173.6926,141.4629
173.7438,141.4935
173.7446,141.5226
173.7462,141.5505
173.7762,141.5845
173.8153,141.6229
173.8815,141.6713
173.8929,141.7123
173.9184,141.7440
173.9806,141.7752
174.0076,141.8078
174.0265,141.8365
174.0542,141.8541
174.0894,141.8732
174.1536,141.8914
174.1640,141.8977
174.1844,141.9076
174.2219,141.9109
174.2614,141.9183
174.2786,141.9164
174.3240,141.9212
174.3289,141.9108
174.3670,141.9011
174.3872,141.8896
174.4443,141.8901
174.4532,141.8912
174.5083,141.8996
174.5513,141.9153
174.5705,141.9174
174.6040,141.9213
174.6297,141.9185
174.6337,141.9151
174.6573,141.9021
174.7144,141.8881
174.7539,141.8774
174.8532,141.8496
174.9058,141.8301
174.9316,141.8041
175.0009,141.7934
175.0413,141.7735
175.3155,141.7488
175.3454,141.7186
175.3676,141.6885
175.4615,141.6788
175.4679,141.6678
175.4706,141.6476
175.5077,141.6151
175.6093,141.5936
175.6294,141.5759
175.6608,141.5634
175.6732,141.5453
175.7036,141.5225
175.7098,141.4963
175.7192,141.4723
175.7463,141.4500
175.7683,141.4328
175.7750,141.4171
175.7838,141.3969
175.8545,141.3916
175.9527,141.3893
175.9996,141.3629
176.0293,141.3398
176.0381,141.3133
176.1292,141.2838
176.1678,141.2523
176.2081,141.2204
176.3455,141.1911
176.4519,141.1655
176.5398,141.1451
176.5852,141.1340
176.6264,141.1139
176.6395,141.0969
176.7015,141.0733
176.7268,141.0488
176.7382,141.0265
176.7691,140.9964
176.7813,140.9673
176.8707,140.9492
176.9323,140.9177
177.0843,140.8932
177.1618,140.8792
177.1870,140.8707
177.2279,140.8639
177.2545,140.8586
177.2639,140.8293
177.2685,140.8000
177.3020,140.7709
177.3754,140.7478
177.4005,140.7268
177.4135,140.7082
177.4276,140.6924
177.4806,140.6753
177.5106,140.6645
177.5577,140.6610
177.5608,140.6558
177.6132,140.6593
177.6194,140.6610
177.6507,140.6668
177.6632,140.6727
177.6765,140.6787
177.6870,140.6815
177.6891,140.6777
177.7303,140.6731
177.7371,140.6675
177.7718,140.6637
177.8257,140.6717
177.8268,140.6522
177.8441,140.6358
177.8667,140.6218
177.9265,140.5935
177.9314,140.5611
178.2058,140.5312
178.2281,140.5012
178.3037,140.4782
178.3158,140.4507
178.3430,140.4261
178.3545,140.3943
178.4628,140.3663
178.5673,140.3380
178.6331,140.3109
178.6960,140.2908
178.7083,140.2685
178.8158,140.2541
178.8221,140.2312
178.8413,140.2087
178.8609,140.1777
178.9220,140.1523
178.9370,140.1234
178.9787,140.0994
179.0037,140.0688
179.0437,140.0451
179.0712,140.0163
179.1018,139.9841
179.2122,139.9657
179.2248,139.9449
179.2619,139.9258
179.5302,139.9680
179.5527,140.0136
179.5568,140.0412
179.6256,140.0749
179.6398,140.0994
179.6801,140.1058
179.6874,140.0999
179.6947,140.0890
179.7672,140.0628
179.7832,140.0393
179.7979,140.0097
179.8271,139.9865
179.8364,139.9633
179.8808,139.9333
179.9435,139.9166
179.9479,139.8937
179.9762,139.8616
179.9950,139.8337
180.0079,139.8033
180.0400,139.7745
180.0489,139.7444
180.1128,139.7254
180.1244,139.7063
180.1412,139.6895
180.1689,139.6603
180.1849,139.6326
180.3200,139.6088
180.4134,139.5835
180.4240,139.5530
180.4711,139.5231
180.4871,139.4951
180.5335,139.4635
180.5587,139.4331
180.5911,139.4044
180.6020,139.3763
180.6407,139.3461
180.7162,139.3188
180.8445,139.2983
180.9036,139.2902
180.9925,139.2895
181.0178,139.2817
181.0206,139.2547
181.0946,139.2381
181.1081,139.2159
181.1327,139.1975
181.3126,139.1808
181.3703,139.1737
181.4042,139.1580
181.4152,139.1334
181.4414,139.1036
181.4882,139.0839
181.5375,139.0687
181.5402,139.0502
181.5534,139.0285
181.6321,139.0174
181.6358,139.0054
181.6853,139.0046
181.8226,138.9916
181.8291,138.9726
181.8490,138.9581
181.8953,138.9518
181.9332,138.9417
181.9448,138.9341
181.9471,138.9258
181.9581,138.9087
182.0324,138.8974
182.0520,138.8785
182.0778,138.8554
182.1128,138.8262
182.1276,138.7972
182.2134,138.7796
182.2153,138.7601
182.2455,138.7468
182.2947,138.7343
182.3018,138.7201
182.3112,138.7080
182.3258,138.6783
182.3956,138.6518
182.4279,138.6296
182.5959,138.6195
182.6071,138.6110
182.6475,138.6105
182.6763,138.6130
182.6941,138.6156
182.7292,138.6242
182.8071,138.6485
182.8499,138.6743
182.8731,138.7006
182.9805,138.7486
183.0304,138.8022
183.1241,138.8672
183.1686,138.9397
183.2008,138.9925
183.2163,139.0368
183.2365,139.0692
183.3895,139.1338
183.3925,139.1972
183.4174,139.2398
183.4617,139.2897
183.4842,139.2812
183.5107,139.2732
183.5229,139.2631
183.5363,139.2555
183.5533,139.2434
183.6063,139.2176
183.6238,139.1932
183.6475,139.1689
183.7581,139.1612
183.7880,139.1450
183.8084,139.1287
183.8285,139.1086
183.9161,139.1041
184.0169,139.1039
184.1208,139.1263
184.1689,139.1562
184.2105,139.1910
184.2404,139.2278
184.2484,139.2585
184.3244,139.2977
184.3604,139.3247
184.3789,139.3503
184.4111,139.3561
184.5714,139.3973
184.5942,139.4330
184.6047,139.4702
184.6487,139.5143
184.6736,139.5243
184.6892,139.5356
184.7278,139.5477
184.7467,139.5610
184.7941,139.5822
184.8632,139.6185
184.9266,139.6656
184.9858,139.7110
185.0303,139.7527
185.0518,139.7977
185.0621,139.8192
185.0640,139.8151
185.1498,139.7863
185.3586,139.7618
185.4194,139.7483
185.4230,139.7314
185.4421,139.7081
185.4921,139.6879
185.5093,139.6584
185.5622,139.6283
185.5719,139.5997
185.6038,139.5756
185.6657,139.5479
185.7592,139.5214
185.8119,139.4943
185.9220,139.4688
185.9739,139.4497
185.9892,139.4264
186.1779,139.4023
186.1813,139.3774
186.2396,139.3609
186.2732,139.3453
186.2981,139.3278
186.3736,139.3078
186.4305,139.2995
186.4585,139.2960
186.4646,139.2813
186.4873,139.2617
186.4991,139.2446
186.5415,139.2360
186.5620,139.2303
186.5937,139.2094
186.6008,139.1892
186.6295,139.1677
186.6756,139.1551
186.7550,139.1529
186.8036,139.1578
186.8049,139.1544
186.8181,139.1465
186.8289,139.1338
186.8441,139.1158
186.9755,139.1060
187.0018,139.0956
187.0425,139.0780
187.0565,139.0548
187.1310,139.0265
187.2831,139.0139
187.3466,139.0099
187.3573,138.9892
187.4397,138.9820
187.4636,138.9789
187.5503,138.9701
187.5817,138.9638
187.6050,138.9373
187.6262,138.9148
187.6380,138.8877
187.6484,138.8626
187.6605,138.8332
187.6730,138.8027
187.7190,138.7723
187.7278,138.7436
187.9526,138.7356
188.0769,138.7544
188.0848,138.7648
188.0921,138.7631
188.0968,138.7448
188.1129,138.7254
188.1424,138.6993
188.2278,138.6818
188.2382,138.6666
188.2459,138.6517
188.3572,138.6546
188.4421,138.6686
188.4761,138.6858
188.4869,138.7049
188.5035,138.7262
188.5191,138.7304
188.5655,138.7422
188.6207,138.7623
188.6350,138.7821
188.6370,138.8003
188.7029,138.8150
188.7339,138.8357
188.7397,138.8535
188.7506,138.8732
188.8089,138.8842
188.9183,138.9049
188.9543,138.9241
188.9621,138.9357
189.0219,138.9603
189.0280,138.9853
189.0396,139.0119
189.0708,139.0450
189.0763,139.0782
189.1140,139.1180
189.1229,139.1560
189.1721,139.1925
189.1797,139.2237
189.1920,139.2554
189.2822,139.2996
189.3167,139.3325
189.3564,139.3547
189.4100,139.3623
189.4394,139.3605
189.6097,139.3510
189.7099,139.3591
189.7501,139.3664
189.7534,139.3673
189.7616,139.3672
189.7744,139.3638
189.7852,139.3562
189.8280,139.3548
189.9710,139.3782
189.9748,139.3886
190.0589,139.4125
190.0750,139.4364
190.1132,139.4633
190.1296,139.4798
190.1559,139.4617
190.1853,139.4492
190.2221,139.4310
190.2596,139.4167
190.2640,139.3958
190.2809,139.3726
190.3104,139.3431
190.4545,139.3305
190.4627,139.3083
190.5424,139.3003
190.5445,139.2792
190.6409,139.2582
190.6427,139.2326
190.6751,139.2141
190.6771,139.1940
190.7508,139.1670
190.7899,139.1393
190.8475,139.1161
190.9625,139.1126
190.9748,139.1041
191.0274,139.1072
191.0554,139.1150
191.1764,139.1468
191.1788,139.1620
191.2088,139.1788
191.2107,139.1956
191.2135,139.2130
191.2186,139.2170
191.2609,139.2159
191.2740,139.1959
191.2964,139.1791
191.3094,139.1605
191.3463,139.1438
191.3693,139.1227
191.4061,139.1042
191.4270,139.0817
191.4873,139.0629
191.5414,139.0425
191.6009,139.0324
191.7477,139.0539
191.7769,139.0786
191.8025,139.0778
191.8279,139.0826
191.8285,139.0853
191.8591,139.0903
191.8865,139.0941
191.9056,139.0949
191.9169,139.0787
191.9550,139.0500
192.0581,139.0369
192.1568,139.0421
192.2359,139.0457
192.2543,139.0525
192.2716,139.0595
192.3098,139.0659
192.3574,139.0365
192.4105,139.0115
192.4757,138.9847
192.5274,138.9648
192.5720,138.9397
192.5885,138.9132
192.5923,138.8852
192.7409,138.8811
192.7508,138.8788
192.7792,138.8777
192.7949,138.8796
192.8666,138.8965
192.8826,138.9151
192.9499,138.9333
192.9663,138.9496
192.9997,138.9586
193.1906,138.9978
193.2158,139.0410
193.2177,139.0759
193.2711,139.1213
193.3629,139.1850
193.3788,139.2461
193.3965,139.2825
193.4081,139.2918
193.4294,139.3029
193.4803,139.3217
193.4864,139.3310
193.5164,139.3435
193.5371,139.3532
193.5729,139.3535
193.6888,139.3685
193.7201,139.3789
193.7356,139.3876
193.7376,139.3896
193.7750,139.3947
193.7934,139.3993
193.8302,139.3900
193.8691,139.3792
193.8727,139.3665
193.8913,139.3519
193.9072,139.3347
193.9360,139.3232
193.9910,139.3139
194.0709,139.3202
194.1154,139.3180
194.1497,139.3055
194.2735,139.3140
194.3824,139.3386
194.4212,139.3483
194.4227,139.3364
194.4715,139.3097
194.5683,139.2831
194.5956,139.2586
194.6005,139.2347
194.7107,139.2072
194.7235,139.1787
194.7746,139.1549
194.9266,139.1482
194.9985,139.1531
195.0025,139.1573
195.0923,139.1723
195.1042,139.1774
195.1149,139.1801
195.1972,139.1943
195.1979,139.2065
195.2054,139.2198
195.2285,139.2373
195.2742,139.2548
195.3132,139.2779
195.3541,139.3056
195.3800,139.3357
195.3913,139.3641
195.3943,139.3925
195.3977,139.4157
195.4016,139.4397
195.4227,139.4518
195.5516,139.4892
195.5913,139.5286
195.6337,139.5732
195.6382,139.5959
195.7255,139.6372
195.7606,139.6615
195.7669,139.6787
195.7812,139.6748
195.7869,139.6665
195.8012,139.6582
195.8056,139.6386
195.9114,139.6297
195.9196,139.6222
195.9379,139.6136
195.9790,139.5874
195.9956,139.5600
196.1190,139.5329
196.1774,139.5090
196.1961,139.4859
196.3611,139.4645
196.4185,139.4505
196.5511,139.4521
196.5970,139.4615
196.6052,139.4697
196.6079,139.4653
196.6334,139.4570
196.6663,139.4520
196.7024,139.4478
196.7307,139.4444
196.8460,139.4205
196.8847,139.4027
196.9165,139.3894
196.9282,139.3773
196.9760,139.3736
197.0191,139.3754
197.0268,139.3784
197.0552,139.3859
197.0584,139.3936
197.0856,139.4066
197.1178,139.4236
197.1281,139.4377
197.1895,139.4486
197.2173,139.4620
197.2252,139.4418
197.2429,139.4180
197.2570,139.3950
197.2711,139.3697
197.3043,139.3457
197.3485,139.3287
197.3623,139.3109
197.3781,139.2861
197.4001,139.2596
197.4102,139.2338
197.4896,139.2065
197.5248,139.1859
197.6433,139.1648
197.6787,139.1471
197.7164,139.1311
197.7303,139.1101
197.7588,139.0902
197.7779,139.0633
197.8273,139.0460
197.8526,139.0293
197.8810,139.0156
197.8941,138.9990
197.9692,138.9921
198.0322,138.9982
198.0514,139.0056
198.0576,139.0099
198.1294,139.0288
198.1344,139.0377
198.1543,139.0382
198.1988,139.0468
198.2445,139.0526
198.2795,139.0492
198.2852,139.0439
198.2878,139.0367
198.2949,139.0304
198.4169,139.0456
198.4482,139.0625
198.4587,139.0759
198.4606,139.0759
198.5980,139.0504
198.6834,139.0285
198.7275,139.0095
198.9735,139.0371
198.9907,139.0428
198.9944,139.0472
199.0099,139.0493
199.0689,139.0553
199.2248,139.0810
199.2735,139.1164
199.3472,139.1421
199.3714,139.1726
199.4252,139.1947
199.4559,139.2147
199.4737,139.2377
199.5364,139.2644
199.5446,139.2836
199.5801,139.3078
199.5825,139.3270
199.6630,139.3539
199.6791,139.3765
199.7150,139.4034
199.7536,139.4257
199.7552,139.4436
199.8500,139.4743
199.9120,139.4962
199.9146,139.5057
199.9456,139.4925
199.9722,139.4848
199.9854,139.4737
